Warning: You are sending unauthenticated requests to the HF Hub. Please set a HF_TOKEN to enable higher rate limits and faster downloads.
[transformers] `torch_dtype` is deprecated! Use `dtype` instead!
[transformers] The following generation flags are not valid and may be ignored: ['output_hidden_states']. Set `TRANSFORMERS_VERBOSITY=info` for more details.
Loading weights:   0%|          | 0/340 [00:00<?, ?it/s]Loading weights:  28%|██▊       | 94/340 [00:00<00:00, 881.59it/s]Loading weights:  63%|██████▎   | 213/340 [00:00<00:00, 1057.63it/s]Loading weights:  94%|█████████▍| 320/340 [00:00<00:00, 1021.35it/s]Loading weights: 100%|██████████| 340/340 [00:00<00:00, 1029.45it/s]
word tokens (raw): 53999
word tokens (kept): 24000
  acts 0/24000
  acts 2048/24000
  acts 4096/24000
  acts 6144/24000
  acts 8192/24000
  acts 10240/24000
  acts 12288/24000
  acts 14336/24000
  acts 16384/24000
  acts 18432/24000
  acts 20480/24000
  acts 22528/24000
saved /home/reuellee_gmail_com/r15/results/words_gemma-3-1b_L7.pt
saved /home/reuellee_gmail_com/r15/results/words_gemma-3-1b_L13.pt
saved /home/reuellee_gmail_com/r15/results/words_gemma-3-1b_L17.pt
saved /home/reuellee_gmail_com/r15/results/words_gemma-3-1b_L22.pt
layer 13: words=(24000, 1152) letters=26; fitting SAE-independent probes...
/home/reuellee_gmail_com/.local/lib/python3.11/site-packages/sklearn/linear_model/_logistic.py:599: ConvergenceWarning: lbfgs failed to converge after 200 iteration(s) (status=1):
STOP: TOTAL NO. OF ITERATIONS REACHED LIMIT

Increase the number of iterations to improve the convergence (max_iter=200).
You might also want to scale the data as shown in:
    https://scikit-learn.org/stable/modules/preprocessing.html
Please also refer to the documentation for alternative solver options:
    https://scikit-learn.org/stable/modules/linear_model.html#logistic-regression
  n_iter_i = _check_optimize_result(
/home/reuellee_gmail_com/.local/lib/python3.11/site-packages/sklearn/linear_model/_logistic.py:599: ConvergenceWarning: lbfgs failed to converge after 200 iteration(s) (status=1):
STOP: TOTAL NO. OF ITERATIONS REACHED LIMIT

Increase the number of iterations to improve the convergence (max_iter=200).
You might also want to scale the data as shown in:
    https://scikit-learn.org/stable/modules/preprocessing.html
Please also refer to the documentation for alternative solver options:
    https://scikit-learn.org/stable/modules/linear_model.html#logistic-regression
  n_iter_i = _check_optimize_result(
/home/reuellee_gmail_com/.local/lib/python3.11/site-packages/sklearn/linear_model/_logistic.py:599: ConvergenceWarning: lbfgs failed to converge after 200 iteration(s) (status=1):
STOP: TOTAL NO. OF ITERATIONS REACHED LIMIT

Increase the number of iterations to improve the convergence (max_iter=200).
You might also want to scale the data as shown in:
    https://scikit-learn.org/stable/modules/preprocessing.html
Please also refer to the documentation for alternative solver options:
    https://scikit-learn.org/stable/modules/linear_model.html#logistic-regression
  n_iter_i = _check_optimize_result(
/home/reuellee_gmail_com/.local/lib/python3.11/site-packages/sklearn/linear_model/_logistic.py:599: ConvergenceWarning: lbfgs failed to converge after 200 iteration(s) (status=1):
STOP: TOTAL NO. OF ITERATIONS REACHED LIMIT

Increase the number of iterations to improve the convergence (max_iter=200).
You might also want to scale the data as shown in:
    https://scikit-learn.org/stable/modules/preprocessing.html
Please also refer to the documentation for alternative solver options:
    https://scikit-learn.org/stable/modules/linear_model.html#logistic-regression
  n_iter_i = _check_optimize_result(
/home/reuellee_gmail_com/.local/lib/python3.11/site-packages/sklearn/linear_model/_logistic.py:599: ConvergenceWarning: lbfgs failed to converge after 200 iteration(s) (status=1):
STOP: TOTAL NO. OF ITERATIONS REACHED LIMIT

Increase the number of iterations to improve the convergence (max_iter=200).
You might also want to scale the data as shown in:
    https://scikit-learn.org/stable/modules/preprocessing.html
Please also refer to the documentation for alternative solver options:
    https://scikit-learn.org/stable/modules/linear_model.html#logistic-regression
  n_iter_i = _check_optimize_result(
/home/reuellee_gmail_com/.local/lib/python3.11/site-packages/sklearn/linear_model/_logistic.py:599: ConvergenceWarning: lbfgs failed to converge after 200 iteration(s) (status=1):
STOP: TOTAL NO. OF ITERATIONS REACHED LIMIT

Increase the number of iterations to improve the convergence (max_iter=200).
You might also want to scale the data as shown in:
    https://scikit-learn.org/stable/modules/preprocessing.html
Please also refer to the documentation for alternative solver options:
    https://scikit-learn.org/stable/modules/linear_model.html#logistic-regression
  n_iter_i = _check_optimize_result(
  probe a: n=1243
/home/reuellee_gmail_com/.local/lib/python3.11/site-packages/sklearn/linear_model/_logistic.py:599: ConvergenceWarning: lbfgs failed to converge after 200 iteration(s) (status=1):
STOP: TOTAL NO. OF ITERATIONS REACHED LIMIT

Increase the number of iterations to improve the convergence (max_iter=200).
You might also want to scale the data as shown in:
    https://scikit-learn.org/stable/modules/preprocessing.html
Please also refer to the documentation for alternative solver options:
    https://scikit-learn.org/stable/modules/linear_model.html#logistic-regression
  n_iter_i = _check_optimize_result(
/home/reuellee_gmail_com/.local/lib/python3.11/site-packages/sklearn/linear_model/_logistic.py:599: ConvergenceWarning: lbfgs failed to converge after 200 iteration(s) (status=1):
STOP: TOTAL NO. OF ITERATIONS REACHED LIMIT

Increase the number of iterations to improve the convergence (max_iter=200).
You might also want to scale the data as shown in:
    https://scikit-learn.org/stable/modules/preprocessing.html
Please also refer to the documentation for alternative solver options:
    https://scikit-learn.org/stable/modules/linear_model.html#logistic-regression
  n_iter_i = _check_optimize_result(
/home/reuellee_gmail_com/.local/lib/python3.11/site-packages/sklearn/linear_model/_logistic.py:599: ConvergenceWarning: lbfgs failed to converge after 200 iteration(s) (status=1):
STOP: TOTAL NO. OF ITERATIONS REACHED LIMIT

Increase the number of iterations to improve the convergence (max_iter=200).
You might also want to scale the data as shown in:
    https://scikit-learn.org/stable/modules/preprocessing.html
Please also refer to the documentation for alternative solver options:
    https://scikit-learn.org/stable/modules/linear_model.html#logistic-regression
  n_iter_i = _check_optimize_result(
/home/reuellee_gmail_com/.local/lib/python3.11/site-packages/sklearn/linear_model/_logistic.py:599: ConvergenceWarning: lbfgs failed to converge after 200 iteration(s) (status=1):
STOP: TOTAL NO. OF ITERATIONS REACHED LIMIT

Increase the number of iterations to improve the convergence (max_iter=200).
You might also want to scale the data as shown in:
    https://scikit-learn.org/stable/modules/preprocessing.html
Please also refer to the documentation for alternative solver options:
    https://scikit-learn.org/stable/modules/linear_model.html#logistic-regression
  n_iter_i = _check_optimize_result(
/home/reuellee_gmail_com/.local/lib/python3.11/site-packages/sklearn/linear_model/_logistic.py:599: ConvergenceWarning: lbfgs failed to converge after 200 iteration(s) (status=1):
STOP: TOTAL NO. OF ITERATIONS REACHED LIMIT

Increase the number of iterations to improve the convergence (max_iter=200).
You might also want to scale the data as shown in:
    https://scikit-learn.org/stable/modules/preprocessing.html
Please also refer to the documentation for alternative solver options:
    https://scikit-learn.org/stable/modules/linear_model.html#logistic-regression
  n_iter_i = _check_optimize_result(
/home/reuellee_gmail_com/.local/lib/python3.11/site-packages/sklearn/linear_model/_logistic.py:599: ConvergenceWarning: lbfgs failed to converge after 200 iteration(s) (status=1):
STOP: TOTAL NO. OF ITERATIONS REACHED LIMIT

Increase the number of iterations to improve the convergence (max_iter=200).
You might also want to scale the data as shown in:
    https://scikit-learn.org/stable/modules/preprocessing.html
Please also refer to the documentation for alternative solver options:
    https://scikit-learn.org/stable/modules/linear_model.html#logistic-regression
  n_iter_i = _check_optimize_result(
  probe b: n=1079
/home/reuellee_gmail_com/.local/lib/python3.11/site-packages/sklearn/linear_model/_logistic.py:599: ConvergenceWarning: lbfgs failed to converge after 200 iteration(s) (status=1):
STOP: TOTAL NO. OF ITERATIONS REACHED LIMIT

Increase the number of iterations to improve the convergence (max_iter=200).
You might also want to scale the data as shown in:
    https://scikit-learn.org/stable/modules/preprocessing.html
Please also refer to the documentation for alternative solver options:
    https://scikit-learn.org/stable/modules/linear_model.html#logistic-regression
  n_iter_i = _check_optimize_result(
/home/reuellee_gmail_com/.local/lib/python3.11/site-packages/sklearn/linear_model/_logistic.py:599: ConvergenceWarning: lbfgs failed to converge after 200 iteration(s) (status=1):
STOP: TOTAL NO. OF ITERATIONS REACHED LIMIT

Increase the number of iterations to improve the convergence (max_iter=200).
You might also want to scale the data as shown in:
    https://scikit-learn.org/stable/modules/preprocessing.html
Please also refer to the documentation for alternative solver options:
    https://scikit-learn.org/stable/modules/linear_model.html#logistic-regression
  n_iter_i = _check_optimize_result(
/home/reuellee_gmail_com/.local/lib/python3.11/site-packages/sklearn/linear_model/_logistic.py:599: ConvergenceWarning: lbfgs failed to converge after 200 iteration(s) (status=1):
STOP: TOTAL NO. OF ITERATIONS REACHED LIMIT

Increase the number of iterations to improve the convergence (max_iter=200).
You might also want to scale the data as shown in:
    https://scikit-learn.org/stable/modules/preprocessing.html
Please also refer to the documentation for alternative solver options:
    https://scikit-learn.org/stable/modules/linear_model.html#logistic-regression
  n_iter_i = _check_optimize_result(
/home/reuellee_gmail_com/.local/lib/python3.11/site-packages/sklearn/linear_model/_logistic.py:599: ConvergenceWarning: lbfgs failed to converge after 200 iteration(s) (status=1):
STOP: TOTAL NO. OF ITERATIONS REACHED LIMIT

Increase the number of iterations to improve the convergence (max_iter=200).
You might also want to scale the data as shown in:
    https://scikit-learn.org/stable/modules/preprocessing.html
Please also refer to the documentation for alternative solver options:
    https://scikit-learn.org/stable/modules/linear_model.html#logistic-regression
  n_iter_i = _check_optimize_result(
/home/reuellee_gmail_com/.local/lib/python3.11/site-packages/sklearn/linear_model/_logistic.py:599: ConvergenceWarning: lbfgs failed to converge after 200 iteration(s) (status=1):
STOP: TOTAL NO. OF ITERATIONS REACHED LIMIT

Increase the number of iterations to improve the convergence (max_iter=200).
You might also want to scale the data as shown in:
    https://scikit-learn.org/stable/modules/preprocessing.html
Please also refer to the documentation for alternative solver options:
    https://scikit-learn.org/stable/modules/linear_model.html#logistic-regression
  n_iter_i = _check_optimize_result(
/home/reuellee_gmail_com/.local/lib/python3.11/site-packages/sklearn/linear_model/_logistic.py:599: ConvergenceWarning: lbfgs failed to converge after 200 iteration(s) (status=1):
STOP: TOTAL NO. OF ITERATIONS REACHED LIMIT

Increase the number of iterations to improve the convergence (max_iter=200).
You might also want to scale the data as shown in:
    https://scikit-learn.org/stable/modules/preprocessing.html
Please also refer to the documentation for alternative solver options:
    https://scikit-learn.org/stable/modules/linear_model.html#logistic-regression
  n_iter_i = _check_optimize_result(
  probe c: n=1348
/home/reuellee_gmail_com/.local/lib/python3.11/site-packages/sklearn/linear_model/_logistic.py:599: ConvergenceWarning: lbfgs failed to converge after 200 iteration(s) (status=1):
STOP: TOTAL NO. OF ITERATIONS REACHED LIMIT

Increase the number of iterations to improve the convergence (max_iter=200).
You might also want to scale the data as shown in:
    https://scikit-learn.org/stable/modules/preprocessing.html
Please also refer to the documentation for alternative solver options:
    https://scikit-learn.org/stable/modules/linear_model.html#logistic-regression
  n_iter_i = _check_optimize_result(
/home/reuellee_gmail_com/.local/lib/python3.11/site-packages/sklearn/linear_model/_logistic.py:599: ConvergenceWarning: lbfgs failed to converge after 200 iteration(s) (status=1):
STOP: TOTAL NO. OF ITERATIONS REACHED LIMIT

Increase the number of iterations to improve the convergence (max_iter=200).
You might also want to scale the data as shown in:
    https://scikit-learn.org/stable/modules/preprocessing.html
Please also refer to the documentation for alternative solver options:
    https://scikit-learn.org/stable/modules/linear_model.html#logistic-regression
  n_iter_i = _check_optimize_result(
/home/reuellee_gmail_com/.local/lib/python3.11/site-packages/sklearn/linear_model/_logistic.py:599: ConvergenceWarning: lbfgs failed to converge after 200 iteration(s) (status=1):
STOP: TOTAL NO. OF ITERATIONS REACHED LIMIT

Increase the number of iterations to improve the convergence (max_iter=200).
You might also want to scale the data as shown in:
    https://scikit-learn.org/stable/modules/preprocessing.html
Please also refer to the documentation for alternative solver options:
    https://scikit-learn.org/stable/modules/linear_model.html#logistic-regression
  n_iter_i = _check_optimize_result(
/home/reuellee_gmail_com/.local/lib/python3.11/site-packages/sklearn/linear_model/_logistic.py:599: ConvergenceWarning: lbfgs failed to converge after 200 iteration(s) (status=1):
STOP: TOTAL NO. OF ITERATIONS REACHED LIMIT

Increase the number of iterations to improve the convergence (max_iter=200).
You might also want to scale the data as shown in:
    https://scikit-learn.org/stable/modules/preprocessing.html
Please also refer to the documentation for alternative solver options:
    https://scikit-learn.org/stable/modules/linear_model.html#logistic-regression
  n_iter_i = _check_optimize_result(
/home/reuellee_gmail_com/.local/lib/python3.11/site-packages/sklearn/linear_model/_logistic.py:599: ConvergenceWarning: lbfgs failed to converge after 200 iteration(s) (status=1):
STOP: TOTAL NO. OF ITERATIONS REACHED LIMIT

Increase the number of iterations to improve the convergence (max_iter=200).
You might also want to scale the data as shown in:
    https://scikit-learn.org/stable/modules/preprocessing.html
Please also refer to the documentation for alternative solver options:
    https://scikit-learn.org/stable/modules/linear_model.html#logistic-regression
  n_iter_i = _check_optimize_result(
/home/reuellee_gmail_com/.local/lib/python3.11/site-packages/sklearn/linear_model/_logistic.py:599: ConvergenceWarning: lbfgs failed to converge after 200 iteration(s) (status=1):
STOP: TOTAL NO. OF ITERATIONS REACHED LIMIT

Increase the number of iterations to improve the convergence (max_iter=200).
You might also want to scale the data as shown in:
    https://scikit-learn.org/stable/modules/preprocessing.html
Please also refer to the documentation for alternative solver options:
    https://scikit-learn.org/stable/modules/linear_model.html#logistic-regression
  n_iter_i = _check_optimize_result(
  probe d: n=1181
/home/reuellee_gmail_com/.local/lib/python3.11/site-packages/sklearn/linear_model/_logistic.py:599: ConvergenceWarning: lbfgs failed to converge after 200 iteration(s) (status=1):
STOP: TOTAL NO. OF ITERATIONS REACHED LIMIT

Increase the number of iterations to improve the convergence (max_iter=200).
You might also want to scale the data as shown in:
    https://scikit-learn.org/stable/modules/preprocessing.html
Please also refer to the documentation for alternative solver options:
    https://scikit-learn.org/stable/modules/linear_model.html#logistic-regression
  n_iter_i = _check_optimize_result(
/home/reuellee_gmail_com/.local/lib/python3.11/site-packages/sklearn/linear_model/_logistic.py:599: ConvergenceWarning: lbfgs failed to converge after 200 iteration(s) (status=1):
STOP: TOTAL NO. OF ITERATIONS REACHED LIMIT

Increase the number of iterations to improve the convergence (max_iter=200).
You might also want to scale the data as shown in:
    https://scikit-learn.org/stable/modules/preprocessing.html
Please also refer to the documentation for alternative solver options:
    https://scikit-learn.org/stable/modules/linear_model.html#logistic-regression
  n_iter_i = _check_optimize_result(
/home/reuellee_gmail_com/.local/lib/python3.11/site-packages/sklearn/linear_model/_logistic.py:599: ConvergenceWarning: lbfgs failed to converge after 200 iteration(s) (status=1):
STOP: TOTAL NO. OF ITERATIONS REACHED LIMIT

Increase the number of iterations to improve the convergence (max_iter=200).
You might also want to scale the data as shown in:
    https://scikit-learn.org/stable/modules/preprocessing.html
Please also refer to the documentation for alternative solver options:
    https://scikit-learn.org/stable/modules/linear_model.html#logistic-regression
  n_iter_i = _check_optimize_result(
/home/reuellee_gmail_com/.local/lib/python3.11/site-packages/sklearn/linear_model/_logistic.py:599: ConvergenceWarning: lbfgs failed to converge after 200 iteration(s) (status=1):
STOP: TOTAL NO. OF ITERATIONS REACHED LIMIT

Increase the number of iterations to improve the convergence (max_iter=200).
You might also want to scale the data as shown in:
    https://scikit-learn.org/stable/modules/preprocessing.html
Please also refer to the documentation for alternative solver options:
    https://scikit-learn.org/stable/modules/linear_model.html#logistic-regression
  n_iter_i = _check_optimize_result(
/home/reuellee_gmail_com/.local/lib/python3.11/site-packages/sklearn/linear_model/_logistic.py:599: ConvergenceWarning: lbfgs failed to converge after 200 iteration(s) (status=1):
STOP: TOTAL NO. OF ITERATIONS REACHED LIMIT

Increase the number of iterations to improve the convergence (max_iter=200).
You might also want to scale the data as shown in:
    https://scikit-learn.org/stable/modules/preprocessing.html
Please also refer to the documentation for alternative solver options:
    https://scikit-learn.org/stable/modules/linear_model.html#logistic-regression
  n_iter_i = _check_optimize_result(
/home/reuellee_gmail_com/.local/lib/python3.11/site-packages/sklearn/linear_model/_logistic.py:599: ConvergenceWarning: lbfgs failed to converge after 200 iteration(s) (status=1):
STOP: TOTAL NO. OF ITERATIONS REACHED LIMIT

Increase the number of iterations to improve the convergence (max_iter=200).
You might also want to scale the data as shown in:
    https://scikit-learn.org/stable/modules/preprocessing.html
Please also refer to the documentation for alternative solver options:
    https://scikit-learn.org/stable/modules/linear_model.html#logistic-regression
  n_iter_i = _check_optimize_result(
  probe e: n=1092
/home/reuellee_gmail_com/.local/lib/python3.11/site-packages/sklearn/linear_model/_logistic.py:599: ConvergenceWarning: lbfgs failed to converge after 200 iteration(s) (status=1):
STOP: TOTAL NO. OF ITERATIONS REACHED LIMIT

Increase the number of iterations to improve the convergence (max_iter=200).
You might also want to scale the data as shown in:
    https://scikit-learn.org/stable/modules/preprocessing.html
Please also refer to the documentation for alternative solver options:
    https://scikit-learn.org/stable/modules/linear_model.html#logistic-regression
  n_iter_i = _check_optimize_result(
/home/reuellee_gmail_com/.local/lib/python3.11/site-packages/sklearn/linear_model/_logistic.py:599: ConvergenceWarning: lbfgs failed to converge after 200 iteration(s) (status=1):
STOP: TOTAL NO. OF ITERATIONS REACHED LIMIT

Increase the number of iterations to improve the convergence (max_iter=200).
You might also want to scale the data as shown in:
    https://scikit-learn.org/stable/modules/preprocessing.html
Please also refer to the documentation for alternative solver options:
    https://scikit-learn.org/stable/modules/linear_model.html#logistic-regression
  n_iter_i = _check_optimize_result(
/home/reuellee_gmail_com/.local/lib/python3.11/site-packages/sklearn/linear_model/_logistic.py:599: ConvergenceWarning: lbfgs failed to converge after 200 iteration(s) (status=1):
STOP: TOTAL NO. OF ITERATIONS REACHED LIMIT

Increase the number of iterations to improve the convergence (max_iter=200).
You might also want to scale the data as shown in:
    https://scikit-learn.org/stable/modules/preprocessing.html
Please also refer to the documentation for alternative solver options:
    https://scikit-learn.org/stable/modules/linear_model.html#logistic-regression
  n_iter_i = _check_optimize_result(
/home/reuellee_gmail_com/.local/lib/python3.11/site-packages/sklearn/linear_model/_logistic.py:599: ConvergenceWarning: lbfgs failed to converge after 200 iteration(s) (status=1):
STOP: TOTAL NO. OF ITERATIONS REACHED LIMIT

Increase the number of iterations to improve the convergence (max_iter=200).
You might also want to scale the data as shown in:
    https://scikit-learn.org/stable/modules/preprocessing.html
Please also refer to the documentation for alternative solver options:
    https://scikit-learn.org/stable/modules/linear_model.html#logistic-regression
  n_iter_i = _check_optimize_result(
/home/reuellee_gmail_com/.local/lib/python3.11/site-packages/sklearn/linear_model/_logistic.py:599: ConvergenceWarning: lbfgs failed to converge after 200 iteration(s) (status=1):
STOP: TOTAL NO. OF ITERATIONS REACHED LIMIT

Increase the number of iterations to improve the convergence (max_iter=200).
You might also want to scale the data as shown in:
    https://scikit-learn.org/stable/modules/preprocessing.html
Please also refer to the documentation for alternative solver options:
    https://scikit-learn.org/stable/modules/linear_model.html#logistic-regression
  n_iter_i = _check_optimize_result(
/home/reuellee_gmail_com/.local/lib/python3.11/site-packages/sklearn/linear_model/_logistic.py:599: ConvergenceWarning: lbfgs failed to converge after 200 iteration(s) (status=1):
STOP: TOTAL NO. OF ITERATIONS REACHED LIMIT

Increase the number of iterations to improve the convergence (max_iter=200).
You might also want to scale the data as shown in:
    https://scikit-learn.org/stable/modules/preprocessing.html
Please also refer to the documentation for alternative solver options:
    https://scikit-learn.org/stable/modules/linear_model.html#logistic-regression
  n_iter_i = _check_optimize_result(
  probe f: n=1046
/home/reuellee_gmail_com/.local/lib/python3.11/site-packages/sklearn/linear_model/_logistic.py:599: ConvergenceWarning: lbfgs failed to converge after 200 iteration(s) (status=1):
STOP: TOTAL NO. OF ITERATIONS REACHED LIMIT

Increase the number of iterations to improve the convergence (max_iter=200).
You might also want to scale the data as shown in:
    https://scikit-learn.org/stable/modules/preprocessing.html
Please also refer to the documentation for alternative solver options:
    https://scikit-learn.org/stable/modules/linear_model.html#logistic-regression
  n_iter_i = _check_optimize_result(
/home/reuellee_gmail_com/.local/lib/python3.11/site-packages/sklearn/linear_model/_logistic.py:599: ConvergenceWarning: lbfgs failed to converge after 200 iteration(s) (status=1):
STOP: TOTAL NO. OF ITERATIONS REACHED LIMIT

Increase the number of iterations to improve the convergence (max_iter=200).
You might also want to scale the data as shown in:
    https://scikit-learn.org/stable/modules/preprocessing.html
Please also refer to the documentation for alternative solver options:
    https://scikit-learn.org/stable/modules/linear_model.html#logistic-regression
  n_iter_i = _check_optimize_result(
/home/reuellee_gmail_com/.local/lib/python3.11/site-packages/sklearn/linear_model/_logistic.py:599: ConvergenceWarning: lbfgs failed to converge after 200 iteration(s) (status=1):
STOP: TOTAL NO. OF ITERATIONS REACHED LIMIT

Increase the number of iterations to improve the convergence (max_iter=200).
You might also want to scale the data as shown in:
    https://scikit-learn.org/stable/modules/preprocessing.html
Please also refer to the documentation for alternative solver options:
    https://scikit-learn.org/stable/modules/linear_model.html#logistic-regression
  n_iter_i = _check_optimize_result(
/home/reuellee_gmail_com/.local/lib/python3.11/site-packages/sklearn/linear_model/_logistic.py:599: ConvergenceWarning: lbfgs failed to converge after 200 iteration(s) (status=1):
STOP: TOTAL NO. OF ITERATIONS REACHED LIMIT

Increase the number of iterations to improve the convergence (max_iter=200).
You might also want to scale the data as shown in:
    https://scikit-learn.org/stable/modules/preprocessing.html
Please also refer to the documentation for alternative solver options:
    https://scikit-learn.org/stable/modules/linear_model.html#logistic-regression
  n_iter_i = _check_optimize_result(
/home/reuellee_gmail_com/.local/lib/python3.11/site-packages/sklearn/linear_model/_logistic.py:599: ConvergenceWarning: lbfgs failed to converge after 200 iteration(s) (status=1):
STOP: TOTAL NO. OF ITERATIONS REACHED LIMIT

Increase the number of iterations to improve the convergence (max_iter=200).
You might also want to scale the data as shown in:
    https://scikit-learn.org/stable/modules/preprocessing.html
Please also refer to the documentation for alternative solver options:
    https://scikit-learn.org/stable/modules/linear_model.html#logistic-regression
  n_iter_i = _check_optimize_result(
/home/reuellee_gmail_com/.local/lib/python3.11/site-packages/sklearn/linear_model/_logistic.py:599: ConvergenceWarning: lbfgs failed to converge after 200 iteration(s) (status=1):
STOP: TOTAL NO. OF ITERATIONS REACHED LIMIT

Increase the number of iterations to improve the convergence (max_iter=200).
You might also want to scale the data as shown in:
    https://scikit-learn.org/stable/modules/preprocessing.html
Please also refer to the documentation for alternative solver options:
    https://scikit-learn.org/stable/modules/linear_model.html#logistic-regression
  n_iter_i = _check_optimize_result(
  probe g: n=979
/home/reuellee_gmail_com/.local/lib/python3.11/site-packages/sklearn/linear_model/_logistic.py:599: ConvergenceWarning: lbfgs failed to converge after 200 iteration(s) (status=1):
STOP: TOTAL NO. OF ITERATIONS REACHED LIMIT

Increase the number of iterations to improve the convergence (max_iter=200).
You might also want to scale the data as shown in:
    https://scikit-learn.org/stable/modules/preprocessing.html
Please also refer to the documentation for alternative solver options:
    https://scikit-learn.org/stable/modules/linear_model.html#logistic-regression
  n_iter_i = _check_optimize_result(
/home/reuellee_gmail_com/.local/lib/python3.11/site-packages/sklearn/linear_model/_logistic.py:599: ConvergenceWarning: lbfgs failed to converge after 200 iteration(s) (status=1):
STOP: TOTAL NO. OF ITERATIONS REACHED LIMIT

Increase the number of iterations to improve the convergence (max_iter=200).
You might also want to scale the data as shown in:
    https://scikit-learn.org/stable/modules/preprocessing.html
Please also refer to the documentation for alternative solver options:
    https://scikit-learn.org/stable/modules/linear_model.html#logistic-regression
  n_iter_i = _check_optimize_result(
/home/reuellee_gmail_com/.local/lib/python3.11/site-packages/sklearn/linear_model/_logistic.py:599: ConvergenceWarning: lbfgs failed to converge after 200 iteration(s) (status=1):
STOP: TOTAL NO. OF ITERATIONS REACHED LIMIT

Increase the number of iterations to improve the convergence (max_iter=200).
You might also want to scale the data as shown in:
    https://scikit-learn.org/stable/modules/preprocessing.html
Please also refer to the documentation for alternative solver options:
    https://scikit-learn.org/stable/modules/linear_model.html#logistic-regression
  n_iter_i = _check_optimize_result(
/home/reuellee_gmail_com/.local/lib/python3.11/site-packages/sklearn/linear_model/_logistic.py:599: ConvergenceWarning: lbfgs failed to converge after 200 iteration(s) (status=1):
STOP: TOTAL NO. OF ITERATIONS REACHED LIMIT

Increase the number of iterations to improve the convergence (max_iter=200).
You might also want to scale the data as shown in:
    https://scikit-learn.org/stable/modules/preprocessing.html
Please also refer to the documentation for alternative solver options:
    https://scikit-learn.org/stable/modules/linear_model.html#logistic-regression
  n_iter_i = _check_optimize_result(
/home/reuellee_gmail_com/.local/lib/python3.11/site-packages/sklearn/linear_model/_logistic.py:599: ConvergenceWarning: lbfgs failed to converge after 200 iteration(s) (status=1):
STOP: TOTAL NO. OF ITERATIONS REACHED LIMIT

Increase the number of iterations to improve the convergence (max_iter=200).
You might also want to scale the data as shown in:
    https://scikit-learn.org/stable/modules/preprocessing.html
Please also refer to the documentation for alternative solver options:
    https://scikit-learn.org/stable/modules/linear_model.html#logistic-regression
  n_iter_i = _check_optimize_result(
/home/reuellee_gmail_com/.local/lib/python3.11/site-packages/sklearn/linear_model/_logistic.py:599: ConvergenceWarning: lbfgs failed to converge after 200 iteration(s) (status=1):
STOP: TOTAL NO. OF ITERATIONS REACHED LIMIT

Increase the number of iterations to improve the convergence (max_iter=200).
You might also want to scale the data as shown in:
    https://scikit-learn.org/stable/modules/preprocessing.html
Please also refer to the documentation for alternative solver options:
    https://scikit-learn.org/stable/modules/linear_model.html#logistic-regression
  n_iter_i = _check_optimize_result(
  probe h: n=985
/home/reuellee_gmail_com/.local/lib/python3.11/site-packages/sklearn/linear_model/_logistic.py:599: ConvergenceWarning: lbfgs failed to converge after 200 iteration(s) (status=1):
STOP: TOTAL NO. OF ITERATIONS REACHED LIMIT

Increase the number of iterations to improve the convergence (max_iter=200).
You might also want to scale the data as shown in:
    https://scikit-learn.org/stable/modules/preprocessing.html
Please also refer to the documentation for alternative solver options:
    https://scikit-learn.org/stable/modules/linear_model.html#logistic-regression
  n_iter_i = _check_optimize_result(
/home/reuellee_gmail_com/.local/lib/python3.11/site-packages/sklearn/linear_model/_logistic.py:599: ConvergenceWarning: lbfgs failed to converge after 200 iteration(s) (status=1):
STOP: TOTAL NO. OF ITERATIONS REACHED LIMIT

Increase the number of iterations to improve the convergence (max_iter=200).
You might also want to scale the data as shown in:
    https://scikit-learn.org/stable/modules/preprocessing.html
Please also refer to the documentation for alternative solver options:
    https://scikit-learn.org/stable/modules/linear_model.html#logistic-regression
  n_iter_i = _check_optimize_result(
/home/reuellee_gmail_com/.local/lib/python3.11/site-packages/sklearn/linear_model/_logistic.py:599: ConvergenceWarning: lbfgs failed to converge after 200 iteration(s) (status=1):
STOP: TOTAL NO. OF ITERATIONS REACHED LIMIT

Increase the number of iterations to improve the convergence (max_iter=200).
You might also want to scale the data as shown in:
    https://scikit-learn.org/stable/modules/preprocessing.html
Please also refer to the documentation for alternative solver options:
    https://scikit-learn.org/stable/modules/linear_model.html#logistic-regression
  n_iter_i = _check_optimize_result(
/home/reuellee_gmail_com/.local/lib/python3.11/site-packages/sklearn/linear_model/_logistic.py:599: ConvergenceWarning: lbfgs failed to converge after 200 iteration(s) (status=1):
STOP: TOTAL NO. OF ITERATIONS REACHED LIMIT

Increase the number of iterations to improve the convergence (max_iter=200).
You might also want to scale the data as shown in:
    https://scikit-learn.org/stable/modules/preprocessing.html
Please also refer to the documentation for alternative solver options:
    https://scikit-learn.org/stable/modules/linear_model.html#logistic-regression
  n_iter_i = _check_optimize_result(
/home/reuellee_gmail_com/.local/lib/python3.11/site-packages/sklearn/linear_model/_logistic.py:599: ConvergenceWarning: lbfgs failed to converge after 200 iteration(s) (status=1):
STOP: TOTAL NO. OF ITERATIONS REACHED LIMIT

Increase the number of iterations to improve the convergence (max_iter=200).
You might also want to scale the data as shown in:
    https://scikit-learn.org/stable/modules/preprocessing.html
Please also refer to the documentation for alternative solver options:
    https://scikit-learn.org/stable/modules/linear_model.html#logistic-regression
  n_iter_i = _check_optimize_result(
/home/reuellee_gmail_com/.local/lib/python3.11/site-packages/sklearn/linear_model/_logistic.py:599: ConvergenceWarning: lbfgs failed to converge after 200 iteration(s) (status=1):
STOP: TOTAL NO. OF ITERATIONS REACHED LIMIT

Increase the number of iterations to improve the convergence (max_iter=200).
You might also want to scale the data as shown in:
    https://scikit-learn.org/stable/modules/preprocessing.html
Please also refer to the documentation for alternative solver options:
    https://scikit-learn.org/stable/modules/linear_model.html#logistic-regression
  n_iter_i = _check_optimize_result(
  probe i: n=1044
/home/reuellee_gmail_com/.local/lib/python3.11/site-packages/sklearn/linear_model/_logistic.py:599: ConvergenceWarning: lbfgs failed to converge after 200 iteration(s) (status=1):
STOP: TOTAL NO. OF ITERATIONS REACHED LIMIT

Increase the number of iterations to improve the convergence (max_iter=200).
You might also want to scale the data as shown in:
    https://scikit-learn.org/stable/modules/preprocessing.html
Please also refer to the documentation for alternative solver options:
    https://scikit-learn.org/stable/modules/linear_model.html#logistic-regression
  n_iter_i = _check_optimize_result(
/home/reuellee_gmail_com/.local/lib/python3.11/site-packages/sklearn/linear_model/_logistic.py:599: ConvergenceWarning: lbfgs failed to converge after 200 iteration(s) (status=1):
STOP: TOTAL NO. OF ITERATIONS REACHED LIMIT

Increase the number of iterations to improve the convergence (max_iter=200).
You might also want to scale the data as shown in:
    https://scikit-learn.org/stable/modules/preprocessing.html
Please also refer to the documentation for alternative solver options:
    https://scikit-learn.org/stable/modules/linear_model.html#logistic-regression
  n_iter_i = _check_optimize_result(
/home/reuellee_gmail_com/.local/lib/python3.11/site-packages/sklearn/linear_model/_logistic.py:599: ConvergenceWarning: lbfgs failed to converge after 200 iteration(s) (status=1):
STOP: TOTAL NO. OF ITERATIONS REACHED LIMIT

Increase the number of iterations to improve the convergence (max_iter=200).
You might also want to scale the data as shown in:
    https://scikit-learn.org/stable/modules/preprocessing.html
Please also refer to the documentation for alternative solver options:
    https://scikit-learn.org/stable/modules/linear_model.html#logistic-regression
  n_iter_i = _check_optimize_result(
/home/reuellee_gmail_com/.local/lib/python3.11/site-packages/sklearn/linear_model/_logistic.py:599: ConvergenceWarning: lbfgs failed to converge after 200 iteration(s) (status=1):
STOP: TOTAL NO. OF ITERATIONS REACHED LIMIT

Increase the number of iterations to improve the convergence (max_iter=200).
You might also want to scale the data as shown in:
    https://scikit-learn.org/stable/modules/preprocessing.html
Please also refer to the documentation for alternative solver options:
    https://scikit-learn.org/stable/modules/linear_model.html#logistic-regression
  n_iter_i = _check_optimize_result(
/home/reuellee_gmail_com/.local/lib/python3.11/site-packages/sklearn/linear_model/_logistic.py:599: ConvergenceWarning: lbfgs failed to converge after 200 iteration(s) (status=1):
STOP: TOTAL NO. OF ITERATIONS REACHED LIMIT

Increase the number of iterations to improve the convergence (max_iter=200).
You might also want to scale the data as shown in:
    https://scikit-learn.org/stable/modules/preprocessing.html
Please also refer to the documentation for alternative solver options:
    https://scikit-learn.org/stable/modules/linear_model.html#logistic-regression
  n_iter_i = _check_optimize_result(
/home/reuellee_gmail_com/.local/lib/python3.11/site-packages/sklearn/linear_model/_logistic.py:599: ConvergenceWarning: lbfgs failed to converge after 200 iteration(s) (status=1):
STOP: TOTAL NO. OF ITERATIONS REACHED LIMIT

Increase the number of iterations to improve the convergence (max_iter=200).
You might also want to scale the data as shown in:
    https://scikit-learn.org/stable/modules/preprocessing.html
Please also refer to the documentation for alternative solver options:
    https://scikit-learn.org/stable/modules/linear_model.html#logistic-regression
  n_iter_i = _check_optimize_result(
  probe j: n=513
/home/reuellee_gmail_com/.local/lib/python3.11/site-packages/sklearn/linear_model/_logistic.py:599: ConvergenceWarning: lbfgs failed to converge after 200 iteration(s) (status=1):
STOP: TOTAL NO. OF ITERATIONS REACHED LIMIT

Increase the number of iterations to improve the convergence (max_iter=200).
You might also want to scale the data as shown in:
    https://scikit-learn.org/stable/modules/preprocessing.html
Please also refer to the documentation for alternative solver options:
    https://scikit-learn.org/stable/modules/linear_model.html#logistic-regression
  n_iter_i = _check_optimize_result(
/home/reuellee_gmail_com/.local/lib/python3.11/site-packages/sklearn/linear_model/_logistic.py:599: ConvergenceWarning: lbfgs failed to converge after 200 iteration(s) (status=1):
STOP: TOTAL NO. OF ITERATIONS REACHED LIMIT

Increase the number of iterations to improve the convergence (max_iter=200).
You might also want to scale the data as shown in:
    https://scikit-learn.org/stable/modules/preprocessing.html
Please also refer to the documentation for alternative solver options:
    https://scikit-learn.org/stable/modules/linear_model.html#logistic-regression
  n_iter_i = _check_optimize_result(
/home/reuellee_gmail_com/.local/lib/python3.11/site-packages/sklearn/linear_model/_logistic.py:599: ConvergenceWarning: lbfgs failed to converge after 200 iteration(s) (status=1):
STOP: TOTAL NO. OF ITERATIONS REACHED LIMIT

Increase the number of iterations to improve the convergence (max_iter=200).
You might also want to scale the data as shown in:
    https://scikit-learn.org/stable/modules/preprocessing.html
Please also refer to the documentation for alternative solver options:
    https://scikit-learn.org/stable/modules/linear_model.html#logistic-regression
  n_iter_i = _check_optimize_result(
/home/reuellee_gmail_com/.local/lib/python3.11/site-packages/sklearn/linear_model/_logistic.py:599: ConvergenceWarning: lbfgs failed to converge after 200 iteration(s) (status=1):
STOP: TOTAL NO. OF ITERATIONS REACHED LIMIT

Increase the number of iterations to improve the convergence (max_iter=200).
You might also want to scale the data as shown in:
    https://scikit-learn.org/stable/modules/preprocessing.html
Please also refer to the documentation for alternative solver options:
    https://scikit-learn.org/stable/modules/linear_model.html#logistic-regression
  n_iter_i = _check_optimize_result(
/home/reuellee_gmail_com/.local/lib/python3.11/site-packages/sklearn/linear_model/_logistic.py:599: ConvergenceWarning: lbfgs failed to converge after 200 iteration(s) (status=1):
STOP: TOTAL NO. OF ITERATIONS REACHED LIMIT

Increase the number of iterations to improve the convergence (max_iter=200).
You might also want to scale the data as shown in:
    https://scikit-learn.org/stable/modules/preprocessing.html
Please also refer to the documentation for alternative solver options:
    https://scikit-learn.org/stable/modules/linear_model.html#logistic-regression
  n_iter_i = _check_optimize_result(
/home/reuellee_gmail_com/.local/lib/python3.11/site-packages/sklearn/linear_model/_logistic.py:599: ConvergenceWarning: lbfgs failed to converge after 200 iteration(s) (status=1):
STOP: TOTAL NO. OF ITERATIONS REACHED LIMIT

Increase the number of iterations to improve the convergence (max_iter=200).
You might also want to scale the data as shown in:
    https://scikit-learn.org/stable/modules/preprocessing.html
Please also refer to the documentation for alternative solver options:
    https://scikit-learn.org/stable/modules/linear_model.html#logistic-regression
  n_iter_i = _check_optimize_result(
  probe k: n=934
/home/reuellee_gmail_com/.local/lib/python3.11/site-packages/sklearn/linear_model/_logistic.py:599: ConvergenceWarning: lbfgs failed to converge after 200 iteration(s) (status=1):
STOP: TOTAL NO. OF ITERATIONS REACHED LIMIT

Increase the number of iterations to improve the convergence (max_iter=200).
You might also want to scale the data as shown in:
    https://scikit-learn.org/stable/modules/preprocessing.html
Please also refer to the documentation for alternative solver options:
    https://scikit-learn.org/stable/modules/linear_model.html#logistic-regression
  n_iter_i = _check_optimize_result(
/home/reuellee_gmail_com/.local/lib/python3.11/site-packages/sklearn/linear_model/_logistic.py:599: ConvergenceWarning: lbfgs failed to converge after 200 iteration(s) (status=1):
STOP: TOTAL NO. OF ITERATIONS REACHED LIMIT

Increase the number of iterations to improve the convergence (max_iter=200).
You might also want to scale the data as shown in:
    https://scikit-learn.org/stable/modules/preprocessing.html
Please also refer to the documentation for alternative solver options:
    https://scikit-learn.org/stable/modules/linear_model.html#logistic-regression
  n_iter_i = _check_optimize_result(
/home/reuellee_gmail_com/.local/lib/python3.11/site-packages/sklearn/linear_model/_logistic.py:599: ConvergenceWarning: lbfgs failed to converge after 200 iteration(s) (status=1):
STOP: TOTAL NO. OF ITERATIONS REACHED LIMIT

Increase the number of iterations to improve the convergence (max_iter=200).
You might also want to scale the data as shown in:
    https://scikit-learn.org/stable/modules/preprocessing.html
Please also refer to the documentation for alternative solver options:
    https://scikit-learn.org/stable/modules/linear_model.html#logistic-regression
  n_iter_i = _check_optimize_result(
/home/reuellee_gmail_com/.local/lib/python3.11/site-packages/sklearn/linear_model/_logistic.py:599: ConvergenceWarning: lbfgs failed to converge after 200 iteration(s) (status=1):
STOP: TOTAL NO. OF ITERATIONS REACHED LIMIT

Increase the number of iterations to improve the convergence (max_iter=200).
You might also want to scale the data as shown in:
    https://scikit-learn.org/stable/modules/preprocessing.html
Please also refer to the documentation for alternative solver options:
    https://scikit-learn.org/stable/modules/linear_model.html#logistic-regression
  n_iter_i = _check_optimize_result(
/home/reuellee_gmail_com/.local/lib/python3.11/site-packages/sklearn/linear_model/_logistic.py:599: ConvergenceWarning: lbfgs failed to converge after 200 iteration(s) (status=1):
STOP: TOTAL NO. OF ITERATIONS REACHED LIMIT

Increase the number of iterations to improve the convergence (max_iter=200).
You might also want to scale the data as shown in:
    https://scikit-learn.org/stable/modules/preprocessing.html
Please also refer to the documentation for alternative solver options:
    https://scikit-learn.org/stable/modules/linear_model.html#logistic-regression
  n_iter_i = _check_optimize_result(
/home/reuellee_gmail_com/.local/lib/python3.11/site-packages/sklearn/linear_model/_logistic.py:599: ConvergenceWarning: lbfgs failed to converge after 200 iteration(s) (status=1):
STOP: TOTAL NO. OF ITERATIONS REACHED LIMIT

Increase the number of iterations to improve the convergence (max_iter=200).
You might also want to scale the data as shown in:
    https://scikit-learn.org/stable/modules/preprocessing.html
Please also refer to the documentation for alternative solver options:
    https://scikit-learn.org/stable/modules/linear_model.html#logistic-regression
  n_iter_i = _check_optimize_result(
  probe l: n=988
/home/reuellee_gmail_com/.local/lib/python3.11/site-packages/sklearn/linear_model/_logistic.py:599: ConvergenceWarning: lbfgs failed to converge after 200 iteration(s) (status=1):
STOP: TOTAL NO. OF ITERATIONS REACHED LIMIT

Increase the number of iterations to improve the convergence (max_iter=200).
You might also want to scale the data as shown in:
    https://scikit-learn.org/stable/modules/preprocessing.html
Please also refer to the documentation for alternative solver options:
    https://scikit-learn.org/stable/modules/linear_model.html#logistic-regression
  n_iter_i = _check_optimize_result(
/home/reuellee_gmail_com/.local/lib/python3.11/site-packages/sklearn/linear_model/_logistic.py:599: ConvergenceWarning: lbfgs failed to converge after 200 iteration(s) (status=1):
STOP: TOTAL NO. OF ITERATIONS REACHED LIMIT

Increase the number of iterations to improve the convergence (max_iter=200).
You might also want to scale the data as shown in:
    https://scikit-learn.org/stable/modules/preprocessing.html
Please also refer to the documentation for alternative solver options:
    https://scikit-learn.org/stable/modules/linear_model.html#logistic-regression
  n_iter_i = _check_optimize_result(
/home/reuellee_gmail_com/.local/lib/python3.11/site-packages/sklearn/linear_model/_logistic.py:599: ConvergenceWarning: lbfgs failed to converge after 200 iteration(s) (status=1):
STOP: TOTAL NO. OF ITERATIONS REACHED LIMIT

Increase the number of iterations to improve the convergence (max_iter=200).
You might also want to scale the data as shown in:
    https://scikit-learn.org/stable/modules/preprocessing.html
Please also refer to the documentation for alternative solver options:
    https://scikit-learn.org/stable/modules/linear_model.html#logistic-regression
  n_iter_i = _check_optimize_result(
/home/reuellee_gmail_com/.local/lib/python3.11/site-packages/sklearn/linear_model/_logistic.py:599: ConvergenceWarning: lbfgs failed to converge after 200 iteration(s) (status=1):
STOP: TOTAL NO. OF ITERATIONS REACHED LIMIT

Increase the number of iterations to improve the convergence (max_iter=200).
You might also want to scale the data as shown in:
    https://scikit-learn.org/stable/modules/preprocessing.html
Please also refer to the documentation for alternative solver options:
    https://scikit-learn.org/stable/modules/linear_model.html#logistic-regression
  n_iter_i = _check_optimize_result(
/home/reuellee_gmail_com/.local/lib/python3.11/site-packages/sklearn/linear_model/_logistic.py:599: ConvergenceWarning: lbfgs failed to converge after 200 iteration(s) (status=1):
STOP: TOTAL NO. OF ITERATIONS REACHED LIMIT

Increase the number of iterations to improve the convergence (max_iter=200).
You might also want to scale the data as shown in:
    https://scikit-learn.org/stable/modules/preprocessing.html
Please also refer to the documentation for alternative solver options:
    https://scikit-learn.org/stable/modules/linear_model.html#logistic-regression
  n_iter_i = _check_optimize_result(
/home/reuellee_gmail_com/.local/lib/python3.11/site-packages/sklearn/linear_model/_logistic.py:599: ConvergenceWarning: lbfgs failed to converge after 200 iteration(s) (status=1):
STOP: TOTAL NO. OF ITERATIONS REACHED LIMIT

Increase the number of iterations to improve the convergence (max_iter=200).
You might also want to scale the data as shown in:
    https://scikit-learn.org/stable/modules/preprocessing.html
Please also refer to the documentation for alternative solver options:
    https://scikit-learn.org/stable/modules/linear_model.html#logistic-regression
  n_iter_i = _check_optimize_result(
  probe m: n=1126
/home/reuellee_gmail_com/.local/lib/python3.11/site-packages/sklearn/linear_model/_logistic.py:599: ConvergenceWarning: lbfgs failed to converge after 200 iteration(s) (status=1):
STOP: TOTAL NO. OF ITERATIONS REACHED LIMIT

Increase the number of iterations to improve the convergence (max_iter=200).
You might also want to scale the data as shown in:
    https://scikit-learn.org/stable/modules/preprocessing.html
Please also refer to the documentation for alternative solver options:
    https://scikit-learn.org/stable/modules/linear_model.html#logistic-regression
  n_iter_i = _check_optimize_result(
/home/reuellee_gmail_com/.local/lib/python3.11/site-packages/sklearn/linear_model/_logistic.py:599: ConvergenceWarning: lbfgs failed to converge after 200 iteration(s) (status=1):
STOP: TOTAL NO. OF ITERATIONS REACHED LIMIT

Increase the number of iterations to improve the convergence (max_iter=200).
You might also want to scale the data as shown in:
    https://scikit-learn.org/stable/modules/preprocessing.html
Please also refer to the documentation for alternative solver options:
    https://scikit-learn.org/stable/modules/linear_model.html#logistic-regression
  n_iter_i = _check_optimize_result(
/home/reuellee_gmail_com/.local/lib/python3.11/site-packages/sklearn/linear_model/_logistic.py:599: ConvergenceWarning: lbfgs failed to converge after 200 iteration(s) (status=1):
STOP: TOTAL NO. OF ITERATIONS REACHED LIMIT

Increase the number of iterations to improve the convergence (max_iter=200).
You might also want to scale the data as shown in:
    https://scikit-learn.org/stable/modules/preprocessing.html
Please also refer to the documentation for alternative solver options:
    https://scikit-learn.org/stable/modules/linear_model.html#logistic-regression
  n_iter_i = _check_optimize_result(
/home/reuellee_gmail_com/.local/lib/python3.11/site-packages/sklearn/linear_model/_logistic.py:599: ConvergenceWarning: lbfgs failed to converge after 200 iteration(s) (status=1):
STOP: TOTAL NO. OF ITERATIONS REACHED LIMIT

Increase the number of iterations to improve the convergence (max_iter=200).
You might also want to scale the data as shown in:
    https://scikit-learn.org/stable/modules/preprocessing.html
Please also refer to the documentation for alternative solver options:
    https://scikit-learn.org/stable/modules/linear_model.html#logistic-regression
  n_iter_i = _check_optimize_result(
/home/reuellee_gmail_com/.local/lib/python3.11/site-packages/sklearn/linear_model/_logistic.py:599: ConvergenceWarning: lbfgs failed to converge after 200 iteration(s) (status=1):
STOP: TOTAL NO. OF ITERATIONS REACHED LIMIT

Increase the number of iterations to improve the convergence (max_iter=200).
You might also want to scale the data as shown in:
    https://scikit-learn.org/stable/modules/preprocessing.html
Please also refer to the documentation for alternative solver options:
    https://scikit-learn.org/stable/modules/linear_model.html#logistic-regression
  n_iter_i = _check_optimize_result(
/home/reuellee_gmail_com/.local/lib/python3.11/site-packages/sklearn/linear_model/_logistic.py:599: ConvergenceWarning: lbfgs failed to converge after 200 iteration(s) (status=1):
STOP: TOTAL NO. OF ITERATIONS REACHED LIMIT

Increase the number of iterations to improve the convergence (max_iter=200).
You might also want to scale the data as shown in:
    https://scikit-learn.org/stable/modules/preprocessing.html
Please also refer to the documentation for alternative solver options:
    https://scikit-learn.org/stable/modules/linear_model.html#logistic-regression
  n_iter_i = _check_optimize_result(
  probe n: n=959
/home/reuellee_gmail_com/.local/lib/python3.11/site-packages/sklearn/linear_model/_logistic.py:599: ConvergenceWarning: lbfgs failed to converge after 200 iteration(s) (status=1):
STOP: TOTAL NO. OF ITERATIONS REACHED LIMIT

Increase the number of iterations to improve the convergence (max_iter=200).
You might also want to scale the data as shown in:
    https://scikit-learn.org/stable/modules/preprocessing.html
Please also refer to the documentation for alternative solver options:
    https://scikit-learn.org/stable/modules/linear_model.html#logistic-regression
  n_iter_i = _check_optimize_result(
/home/reuellee_gmail_com/.local/lib/python3.11/site-packages/sklearn/linear_model/_logistic.py:599: ConvergenceWarning: lbfgs failed to converge after 200 iteration(s) (status=1):
STOP: TOTAL NO. OF ITERATIONS REACHED LIMIT

Increase the number of iterations to improve the convergence (max_iter=200).
You might also want to scale the data as shown in:
    https://scikit-learn.org/stable/modules/preprocessing.html
Please also refer to the documentation for alternative solver options:
    https://scikit-learn.org/stable/modules/linear_model.html#logistic-regression
  n_iter_i = _check_optimize_result(
/home/reuellee_gmail_com/.local/lib/python3.11/site-packages/sklearn/linear_model/_logistic.py:599: ConvergenceWarning: lbfgs failed to converge after 200 iteration(s) (status=1):
STOP: TOTAL NO. OF ITERATIONS REACHED LIMIT

Increase the number of iterations to improve the convergence (max_iter=200).
You might also want to scale the data as shown in:
    https://scikit-learn.org/stable/modules/preprocessing.html
Please also refer to the documentation for alternative solver options:
    https://scikit-learn.org/stable/modules/linear_model.html#logistic-regression
  n_iter_i = _check_optimize_result(
/home/reuellee_gmail_com/.local/lib/python3.11/site-packages/sklearn/linear_model/_logistic.py:599: ConvergenceWarning: lbfgs failed to converge after 200 iteration(s) (status=1):
STOP: TOTAL NO. OF ITERATIONS REACHED LIMIT

Increase the number of iterations to improve the convergence (max_iter=200).
You might also want to scale the data as shown in:
    https://scikit-learn.org/stable/modules/preprocessing.html
Please also refer to the documentation for alternative solver options:
    https://scikit-learn.org/stable/modules/linear_model.html#logistic-regression
  n_iter_i = _check_optimize_result(
/home/reuellee_gmail_com/.local/lib/python3.11/site-packages/sklearn/linear_model/_logistic.py:599: ConvergenceWarning: lbfgs failed to converge after 200 iteration(s) (status=1):
STOP: TOTAL NO. OF ITERATIONS REACHED LIMIT

Increase the number of iterations to improve the convergence (max_iter=200).
You might also want to scale the data as shown in:
    https://scikit-learn.org/stable/modules/preprocessing.html
Please also refer to the documentation for alternative solver options:
    https://scikit-learn.org/stable/modules/linear_model.html#logistic-regression
  n_iter_i = _check_optimize_result(
/home/reuellee_gmail_com/.local/lib/python3.11/site-packages/sklearn/linear_model/_logistic.py:599: ConvergenceWarning: lbfgs failed to converge after 200 iteration(s) (status=1):
STOP: TOTAL NO. OF ITERATIONS REACHED LIMIT

Increase the number of iterations to improve the convergence (max_iter=200).
You might also want to scale the data as shown in:
    https://scikit-learn.org/stable/modules/preprocessing.html
Please also refer to the documentation for alternative solver options:
    https://scikit-learn.org/stable/modules/linear_model.html#logistic-regression
  n_iter_i = _check_optimize_result(
  probe o: n=970
/home/reuellee_gmail_com/.local/lib/python3.11/site-packages/sklearn/linear_model/_logistic.py:599: ConvergenceWarning: lbfgs failed to converge after 200 iteration(s) (status=1):
STOP: TOTAL NO. OF ITERATIONS REACHED LIMIT

Increase the number of iterations to improve the convergence (max_iter=200).
You might also want to scale the data as shown in:
    https://scikit-learn.org/stable/modules/preprocessing.html
Please also refer to the documentation for alternative solver options:
    https://scikit-learn.org/stable/modules/linear_model.html#logistic-regression
  n_iter_i = _check_optimize_result(
/home/reuellee_gmail_com/.local/lib/python3.11/site-packages/sklearn/linear_model/_logistic.py:599: ConvergenceWarning: lbfgs failed to converge after 200 iteration(s) (status=1):
STOP: TOTAL NO. OF ITERATIONS REACHED LIMIT

Increase the number of iterations to improve the convergence (max_iter=200).
You might also want to scale the data as shown in:
    https://scikit-learn.org/stable/modules/preprocessing.html
Please also refer to the documentation for alternative solver options:
    https://scikit-learn.org/stable/modules/linear_model.html#logistic-regression
  n_iter_i = _check_optimize_result(
/home/reuellee_gmail_com/.local/lib/python3.11/site-packages/sklearn/linear_model/_logistic.py:599: ConvergenceWarning: lbfgs failed to converge after 200 iteration(s) (status=1):
STOP: TOTAL NO. OF ITERATIONS REACHED LIMIT

Increase the number of iterations to improve the convergence (max_iter=200).
You might also want to scale the data as shown in:
    https://scikit-learn.org/stable/modules/preprocessing.html
Please also refer to the documentation for alternative solver options:
    https://scikit-learn.org/stable/modules/linear_model.html#logistic-regression
  n_iter_i = _check_optimize_result(
/home/reuellee_gmail_com/.local/lib/python3.11/site-packages/sklearn/linear_model/_logistic.py:599: ConvergenceWarning: lbfgs failed to converge after 200 iteration(s) (status=1):
STOP: TOTAL NO. OF ITERATIONS REACHED LIMIT

Increase the number of iterations to improve the convergence (max_iter=200).
You might also want to scale the data as shown in:
    https://scikit-learn.org/stable/modules/preprocessing.html
Please also refer to the documentation for alternative solver options:
    https://scikit-learn.org/stable/modules/linear_model.html#logistic-regression
  n_iter_i = _check_optimize_result(
/home/reuellee_gmail_com/.local/lib/python3.11/site-packages/sklearn/linear_model/_logistic.py:599: ConvergenceWarning: lbfgs failed to converge after 200 iteration(s) (status=1):
STOP: TOTAL NO. OF ITERATIONS REACHED LIMIT

Increase the number of iterations to improve the convergence (max_iter=200).
You might also want to scale the data as shown in:
    https://scikit-learn.org/stable/modules/preprocessing.html
Please also refer to the documentation for alternative solver options:
    https://scikit-learn.org/stable/modules/linear_model.html#logistic-regression
  n_iter_i = _check_optimize_result(
/home/reuellee_gmail_com/.local/lib/python3.11/site-packages/sklearn/linear_model/_logistic.py:599: ConvergenceWarning: lbfgs failed to converge after 200 iteration(s) (status=1):
STOP: TOTAL NO. OF ITERATIONS REACHED LIMIT

Increase the number of iterations to improve the convergence (max_iter=200).
You might also want to scale the data as shown in:
    https://scikit-learn.org/stable/modules/preprocessing.html
Please also refer to the documentation for alternative solver options:
    https://scikit-learn.org/stable/modules/linear_model.html#logistic-regression
  n_iter_i = _check_optimize_result(
  probe p: n=1294
/home/reuellee_gmail_com/.local/lib/python3.11/site-packages/sklearn/linear_model/_logistic.py:599: ConvergenceWarning: lbfgs failed to converge after 200 iteration(s) (status=1):
STOP: TOTAL NO. OF ITERATIONS REACHED LIMIT

Increase the number of iterations to improve the convergence (max_iter=200).
You might also want to scale the data as shown in:
    https://scikit-learn.org/stable/modules/preprocessing.html
Please also refer to the documentation for alternative solver options:
    https://scikit-learn.org/stable/modules/linear_model.html#logistic-regression
  n_iter_i = _check_optimize_result(
/home/reuellee_gmail_com/.local/lib/python3.11/site-packages/sklearn/linear_model/_logistic.py:599: ConvergenceWarning: lbfgs failed to converge after 200 iteration(s) (status=1):
STOP: TOTAL NO. OF ITERATIONS REACHED LIMIT

Increase the number of iterations to improve the convergence (max_iter=200).
You might also want to scale the data as shown in:
    https://scikit-learn.org/stable/modules/preprocessing.html
Please also refer to the documentation for alternative solver options:
    https://scikit-learn.org/stable/modules/linear_model.html#logistic-regression
  n_iter_i = _check_optimize_result(
/home/reuellee_gmail_com/.local/lib/python3.11/site-packages/sklearn/linear_model/_logistic.py:599: ConvergenceWarning: lbfgs failed to converge after 200 iteration(s) (status=1):
STOP: TOTAL NO. OF ITERATIONS REACHED LIMIT

Increase the number of iterations to improve the convergence (max_iter=200).
You might also want to scale the data as shown in:
    https://scikit-learn.org/stable/modules/preprocessing.html
Please also refer to the documentation for alternative solver options:
    https://scikit-learn.org/stable/modules/linear_model.html#logistic-regression
  n_iter_i = _check_optimize_result(
/home/reuellee_gmail_com/.local/lib/python3.11/site-packages/sklearn/linear_model/_logistic.py:599: ConvergenceWarning: lbfgs failed to converge after 200 iteration(s) (status=1):
STOP: TOTAL NO. OF ITERATIONS REACHED LIMIT

Increase the number of iterations to improve the convergence (max_iter=200).
You might also want to scale the data as shown in:
    https://scikit-learn.org/stable/modules/preprocessing.html
Please also refer to the documentation for alternative solver options:
    https://scikit-learn.org/stable/modules/linear_model.html#logistic-regression
  n_iter_i = _check_optimize_result(
/home/reuellee_gmail_com/.local/lib/python3.11/site-packages/sklearn/linear_model/_logistic.py:599: ConvergenceWarning: lbfgs failed to converge after 200 iteration(s) (status=1):
STOP: TOTAL NO. OF ITERATIONS REACHED LIMIT

Increase the number of iterations to improve the convergence (max_iter=200).
You might also want to scale the data as shown in:
    https://scikit-learn.org/stable/modules/preprocessing.html
Please also refer to the documentation for alternative solver options:
    https://scikit-learn.org/stable/modules/linear_model.html#logistic-regression
  n_iter_i = _check_optimize_result(
  probe q: n=282
/home/reuellee_gmail_com/.local/lib/python3.11/site-packages/sklearn/linear_model/_logistic.py:599: ConvergenceWarning: lbfgs failed to converge after 200 iteration(s) (status=1):
STOP: TOTAL NO. OF ITERATIONS REACHED LIMIT

Increase the number of iterations to improve the convergence (max_iter=200).
You might also want to scale the data as shown in:
    https://scikit-learn.org/stable/modules/preprocessing.html
Please also refer to the documentation for alternative solver options:
    https://scikit-learn.org/stable/modules/linear_model.html#logistic-regression
  n_iter_i = _check_optimize_result(
/home/reuellee_gmail_com/.local/lib/python3.11/site-packages/sklearn/linear_model/_logistic.py:599: ConvergenceWarning: lbfgs failed to converge after 200 iteration(s) (status=1):
STOP: TOTAL NO. OF ITERATIONS REACHED LIMIT

Increase the number of iterations to improve the convergence (max_iter=200).
You might also want to scale the data as shown in:
    https://scikit-learn.org/stable/modules/preprocessing.html
Please also refer to the documentation for alternative solver options:
    https://scikit-learn.org/stable/modules/linear_model.html#logistic-regression
  n_iter_i = _check_optimize_result(
/home/reuellee_gmail_com/.local/lib/python3.11/site-packages/sklearn/linear_model/_logistic.py:599: ConvergenceWarning: lbfgs failed to converge after 200 iteration(s) (status=1):
STOP: TOTAL NO. OF ITERATIONS REACHED LIMIT

Increase the number of iterations to improve the convergence (max_iter=200).
You might also want to scale the data as shown in:
    https://scikit-learn.org/stable/modules/preprocessing.html
Please also refer to the documentation for alternative solver options:
    https://scikit-learn.org/stable/modules/linear_model.html#logistic-regression
  n_iter_i = _check_optimize_result(
/home/reuellee_gmail_com/.local/lib/python3.11/site-packages/sklearn/linear_model/_logistic.py:599: ConvergenceWarning: lbfgs failed to converge after 200 iteration(s) (status=1):
STOP: TOTAL NO. OF ITERATIONS REACHED LIMIT

Increase the number of iterations to improve the convergence (max_iter=200).
You might also want to scale the data as shown in:
    https://scikit-learn.org/stable/modules/preprocessing.html
Please also refer to the documentation for alternative solver options:
    https://scikit-learn.org/stable/modules/linear_model.html#logistic-regression
  n_iter_i = _check_optimize_result(
/home/reuellee_gmail_com/.local/lib/python3.11/site-packages/sklearn/linear_model/_logistic.py:599: ConvergenceWarning: lbfgs failed to converge after 200 iteration(s) (status=1):
STOP: TOTAL NO. OF ITERATIONS REACHED LIMIT

Increase the number of iterations to improve the convergence (max_iter=200).
You might also want to scale the data as shown in:
    https://scikit-learn.org/stable/modules/preprocessing.html
Please also refer to the documentation for alternative solver options:
    https://scikit-learn.org/stable/modules/linear_model.html#logistic-regression
  n_iter_i = _check_optimize_result(
/home/reuellee_gmail_com/.local/lib/python3.11/site-packages/sklearn/linear_model/_logistic.py:599: ConvergenceWarning: lbfgs failed to converge after 200 iteration(s) (status=1):
STOP: TOTAL NO. OF ITERATIONS REACHED LIMIT

Increase the number of iterations to improve the convergence (max_iter=200).
You might also want to scale the data as shown in:
    https://scikit-learn.org/stable/modules/preprocessing.html
Please also refer to the documentation for alternative solver options:
    https://scikit-learn.org/stable/modules/linear_model.html#logistic-regression
  n_iter_i = _check_optimize_result(
  probe r: n=1119
/home/reuellee_gmail_com/.local/lib/python3.11/site-packages/sklearn/linear_model/_logistic.py:599: ConvergenceWarning: lbfgs failed to converge after 200 iteration(s) (status=1):
STOP: TOTAL NO. OF ITERATIONS REACHED LIMIT

Increase the number of iterations to improve the convergence (max_iter=200).
You might also want to scale the data as shown in:
    https://scikit-learn.org/stable/modules/preprocessing.html
Please also refer to the documentation for alternative solver options:
    https://scikit-learn.org/stable/modules/linear_model.html#logistic-regression
  n_iter_i = _check_optimize_result(
/home/reuellee_gmail_com/.local/lib/python3.11/site-packages/sklearn/linear_model/_logistic.py:599: ConvergenceWarning: lbfgs failed to converge after 200 iteration(s) (status=1):
STOP: TOTAL NO. OF ITERATIONS REACHED LIMIT

Increase the number of iterations to improve the convergence (max_iter=200).
You might also want to scale the data as shown in:
    https://scikit-learn.org/stable/modules/preprocessing.html
Please also refer to the documentation for alternative solver options:
    https://scikit-learn.org/stable/modules/linear_model.html#logistic-regression
  n_iter_i = _check_optimize_result(
/home/reuellee_gmail_com/.local/lib/python3.11/site-packages/sklearn/linear_model/_logistic.py:599: ConvergenceWarning: lbfgs failed to converge after 200 iteration(s) (status=1):
STOP: TOTAL NO. OF ITERATIONS REACHED LIMIT

Increase the number of iterations to improve the convergence (max_iter=200).
You might also want to scale the data as shown in:
    https://scikit-learn.org/stable/modules/preprocessing.html
Please also refer to the documentation for alternative solver options:
    https://scikit-learn.org/stable/modules/linear_model.html#logistic-regression
  n_iter_i = _check_optimize_result(
/home/reuellee_gmail_com/.local/lib/python3.11/site-packages/sklearn/linear_model/_logistic.py:599: ConvergenceWarning: lbfgs failed to converge after 200 iteration(s) (status=1):
STOP: TOTAL NO. OF ITERATIONS REACHED LIMIT

Increase the number of iterations to improve the convergence (max_iter=200).
You might also want to scale the data as shown in:
    https://scikit-learn.org/stable/modules/preprocessing.html
Please also refer to the documentation for alternative solver options:
    https://scikit-learn.org/stable/modules/linear_model.html#logistic-regression
  n_iter_i = _check_optimize_result(
/home/reuellee_gmail_com/.local/lib/python3.11/site-packages/sklearn/linear_model/_logistic.py:599: ConvergenceWarning: lbfgs failed to converge after 200 iteration(s) (status=1):
STOP: TOTAL NO. OF ITERATIONS REACHED LIMIT

Increase the number of iterations to improve the convergence (max_iter=200).
You might also want to scale the data as shown in:
    https://scikit-learn.org/stable/modules/preprocessing.html
Please also refer to the documentation for alternative solver options:
    https://scikit-learn.org/stable/modules/linear_model.html#logistic-regression
  n_iter_i = _check_optimize_result(
/home/reuellee_gmail_com/.local/lib/python3.11/site-packages/sklearn/linear_model/_logistic.py:599: ConvergenceWarning: lbfgs failed to converge after 200 iteration(s) (status=1):
STOP: TOTAL NO. OF ITERATIONS REACHED LIMIT

Increase the number of iterations to improve the convergence (max_iter=200).
You might also want to scale the data as shown in:
    https://scikit-learn.org/stable/modules/preprocessing.html
Please also refer to the documentation for alternative solver options:
    https://scikit-learn.org/stable/modules/linear_model.html#logistic-regression
  n_iter_i = _check_optimize_result(
  probe s: n=1364
/home/reuellee_gmail_com/.local/lib/python3.11/site-packages/sklearn/linear_model/_logistic.py:599: ConvergenceWarning: lbfgs failed to converge after 200 iteration(s) (status=1):
STOP: TOTAL NO. OF ITERATIONS REACHED LIMIT

Increase the number of iterations to improve the convergence (max_iter=200).
You might also want to scale the data as shown in:
    https://scikit-learn.org/stable/modules/preprocessing.html
Please also refer to the documentation for alternative solver options:
    https://scikit-learn.org/stable/modules/linear_model.html#logistic-regression
  n_iter_i = _check_optimize_result(
/home/reuellee_gmail_com/.local/lib/python3.11/site-packages/sklearn/linear_model/_logistic.py:599: ConvergenceWarning: lbfgs failed to converge after 200 iteration(s) (status=1):
STOP: TOTAL NO. OF ITERATIONS REACHED LIMIT

Increase the number of iterations to improve the convergence (max_iter=200).
You might also want to scale the data as shown in:
    https://scikit-learn.org/stable/modules/preprocessing.html
Please also refer to the documentation for alternative solver options:
    https://scikit-learn.org/stable/modules/linear_model.html#logistic-regression
  n_iter_i = _check_optimize_result(
/home/reuellee_gmail_com/.local/lib/python3.11/site-packages/sklearn/linear_model/_logistic.py:599: ConvergenceWarning: lbfgs failed to converge after 200 iteration(s) (status=1):
STOP: TOTAL NO. OF ITERATIONS REACHED LIMIT

Increase the number of iterations to improve the convergence (max_iter=200).
You might also want to scale the data as shown in:
    https://scikit-learn.org/stable/modules/preprocessing.html
Please also refer to the documentation for alternative solver options:
    https://scikit-learn.org/stable/modules/linear_model.html#logistic-regression
  n_iter_i = _check_optimize_result(
/home/reuellee_gmail_com/.local/lib/python3.11/site-packages/sklearn/linear_model/_logistic.py:599: ConvergenceWarning: lbfgs failed to converge after 200 iteration(s) (status=1):
STOP: TOTAL NO. OF ITERATIONS REACHED LIMIT

Increase the number of iterations to improve the convergence (max_iter=200).
You might also want to scale the data as shown in:
    https://scikit-learn.org/stable/modules/preprocessing.html
Please also refer to the documentation for alternative solver options:
    https://scikit-learn.org/stable/modules/linear_model.html#logistic-regression
  n_iter_i = _check_optimize_result(
/home/reuellee_gmail_com/.local/lib/python3.11/site-packages/sklearn/linear_model/_logistic.py:599: ConvergenceWarning: lbfgs failed to converge after 200 iteration(s) (status=1):
STOP: TOTAL NO. OF ITERATIONS REACHED LIMIT

Increase the number of iterations to improve the convergence (max_iter=200).
You might also want to scale the data as shown in:
    https://scikit-learn.org/stable/modules/preprocessing.html
Please also refer to the documentation for alternative solver options:
    https://scikit-learn.org/stable/modules/linear_model.html#logistic-regression
  n_iter_i = _check_optimize_result(
/home/reuellee_gmail_com/.local/lib/python3.11/site-packages/sklearn/linear_model/_logistic.py:599: ConvergenceWarning: lbfgs failed to converge after 200 iteration(s) (status=1):
STOP: TOTAL NO. OF ITERATIONS REACHED LIMIT

Increase the number of iterations to improve the convergence (max_iter=200).
You might also want to scale the data as shown in:
    https://scikit-learn.org/stable/modules/preprocessing.html
Please also refer to the documentation for alternative solver options:
    https://scikit-learn.org/stable/modules/linear_model.html#logistic-regression
  n_iter_i = _check_optimize_result(
  probe t: n=1112
/home/reuellee_gmail_com/.local/lib/python3.11/site-packages/sklearn/linear_model/_logistic.py:599: ConvergenceWarning: lbfgs failed to converge after 200 iteration(s) (status=1):
STOP: TOTAL NO. OF ITERATIONS REACHED LIMIT

Increase the number of iterations to improve the convergence (max_iter=200).
You might also want to scale the data as shown in:
    https://scikit-learn.org/stable/modules/preprocessing.html
Please also refer to the documentation for alternative solver options:
    https://scikit-learn.org/stable/modules/linear_model.html#logistic-regression
  n_iter_i = _check_optimize_result(
/home/reuellee_gmail_com/.local/lib/python3.11/site-packages/sklearn/linear_model/_logistic.py:599: ConvergenceWarning: lbfgs failed to converge after 200 iteration(s) (status=1):
STOP: TOTAL NO. OF ITERATIONS REACHED LIMIT

Increase the number of iterations to improve the convergence (max_iter=200).
You might also want to scale the data as shown in:
    https://scikit-learn.org/stable/modules/preprocessing.html
Please also refer to the documentation for alternative solver options:
    https://scikit-learn.org/stable/modules/linear_model.html#logistic-regression
  n_iter_i = _check_optimize_result(
/home/reuellee_gmail_com/.local/lib/python3.11/site-packages/sklearn/linear_model/_logistic.py:599: ConvergenceWarning: lbfgs failed to converge after 200 iteration(s) (status=1):
STOP: TOTAL NO. OF ITERATIONS REACHED LIMIT

Increase the number of iterations to improve the convergence (max_iter=200).
You might also want to scale the data as shown in:
    https://scikit-learn.org/stable/modules/preprocessing.html
Please also refer to the documentation for alternative solver options:
    https://scikit-learn.org/stable/modules/linear_model.html#logistic-regression
  n_iter_i = _check_optimize_result(
/home/reuellee_gmail_com/.local/lib/python3.11/site-packages/sklearn/linear_model/_logistic.py:599: ConvergenceWarning: lbfgs failed to converge after 200 iteration(s) (status=1):
STOP: TOTAL NO. OF ITERATIONS REACHED LIMIT

Increase the number of iterations to improve the convergence (max_iter=200).
You might also want to scale the data as shown in:
    https://scikit-learn.org/stable/modules/preprocessing.html
Please also refer to the documentation for alternative solver options:
    https://scikit-learn.org/stable/modules/linear_model.html#logistic-regression
  n_iter_i = _check_optimize_result(
/home/reuellee_gmail_com/.local/lib/python3.11/site-packages/sklearn/linear_model/_logistic.py:599: ConvergenceWarning: lbfgs failed to converge after 200 iteration(s) (status=1):
STOP: TOTAL NO. OF ITERATIONS REACHED LIMIT

Increase the number of iterations to improve the convergence (max_iter=200).
You might also want to scale the data as shown in:
    https://scikit-learn.org/stable/modules/preprocessing.html
Please also refer to the documentation for alternative solver options:
    https://scikit-learn.org/stable/modules/linear_model.html#logistic-regression
  n_iter_i = _check_optimize_result(
/home/reuellee_gmail_com/.local/lib/python3.11/site-packages/sklearn/linear_model/_logistic.py:599: ConvergenceWarning: lbfgs failed to converge after 200 iteration(s) (status=1):
STOP: TOTAL NO. OF ITERATIONS REACHED LIMIT

Increase the number of iterations to improve the convergence (max_iter=200).
You might also want to scale the data as shown in:
    https://scikit-learn.org/stable/modules/preprocessing.html
Please also refer to the documentation for alternative solver options:
    https://scikit-learn.org/stable/modules/linear_model.html#logistic-regression
  n_iter_i = _check_optimize_result(
  probe u: n=931
/home/reuellee_gmail_com/.local/lib/python3.11/site-packages/sklearn/linear_model/_logistic.py:599: ConvergenceWarning: lbfgs failed to converge after 200 iteration(s) (status=1):
STOP: TOTAL NO. OF ITERATIONS REACHED LIMIT

Increase the number of iterations to improve the convergence (max_iter=200).
You might also want to scale the data as shown in:
    https://scikit-learn.org/stable/modules/preprocessing.html
Please also refer to the documentation for alternative solver options:
    https://scikit-learn.org/stable/modules/linear_model.html#logistic-regression
  n_iter_i = _check_optimize_result(
/home/reuellee_gmail_com/.local/lib/python3.11/site-packages/sklearn/linear_model/_logistic.py:599: ConvergenceWarning: lbfgs failed to converge after 200 iteration(s) (status=1):
STOP: TOTAL NO. OF ITERATIONS REACHED LIMIT

Increase the number of iterations to improve the convergence (max_iter=200).
You might also want to scale the data as shown in:
    https://scikit-learn.org/stable/modules/preprocessing.html
Please also refer to the documentation for alternative solver options:
    https://scikit-learn.org/stable/modules/linear_model.html#logistic-regression
  n_iter_i = _check_optimize_result(
/home/reuellee_gmail_com/.local/lib/python3.11/site-packages/sklearn/linear_model/_logistic.py:599: ConvergenceWarning: lbfgs failed to converge after 200 iteration(s) (status=1):
STOP: TOTAL NO. OF ITERATIONS REACHED LIMIT

Increase the number of iterations to improve the convergence (max_iter=200).
You might also want to scale the data as shown in:
    https://scikit-learn.org/stable/modules/preprocessing.html
Please also refer to the documentation for alternative solver options:
    https://scikit-learn.org/stable/modules/linear_model.html#logistic-regression
  n_iter_i = _check_optimize_result(
/home/reuellee_gmail_com/.local/lib/python3.11/site-packages/sklearn/linear_model/_logistic.py:599: ConvergenceWarning: lbfgs failed to converge after 200 iteration(s) (status=1):
STOP: TOTAL NO. OF ITERATIONS REACHED LIMIT

Increase the number of iterations to improve the convergence (max_iter=200).
You might also want to scale the data as shown in:
    https://scikit-learn.org/stable/modules/preprocessing.html
Please also refer to the documentation for alternative solver options:
    https://scikit-learn.org/stable/modules/linear_model.html#logistic-regression
  n_iter_i = _check_optimize_result(
/home/reuellee_gmail_com/.local/lib/python3.11/site-packages/sklearn/linear_model/_logistic.py:599: ConvergenceWarning: lbfgs failed to converge after 200 iteration(s) (status=1):
STOP: TOTAL NO. OF ITERATIONS REACHED LIMIT

Increase the number of iterations to improve the convergence (max_iter=200).
You might also want to scale the data as shown in:
    https://scikit-learn.org/stable/modules/preprocessing.html
Please also refer to the documentation for alternative solver options:
    https://scikit-learn.org/stable/modules/linear_model.html#logistic-regression
  n_iter_i = _check_optimize_result(
/home/reuellee_gmail_com/.local/lib/python3.11/site-packages/sklearn/linear_model/_logistic.py:599: ConvergenceWarning: lbfgs failed to converge after 200 iteration(s) (status=1):
STOP: TOTAL NO. OF ITERATIONS REACHED LIMIT

Increase the number of iterations to improve the convergence (max_iter=200).
You might also want to scale the data as shown in:
    https://scikit-learn.org/stable/modules/preprocessing.html
Please also refer to the documentation for alternative solver options:
    https://scikit-learn.org/stable/modules/linear_model.html#logistic-regression
  n_iter_i = _check_optimize_result(
  probe v: n=965
/home/reuellee_gmail_com/.local/lib/python3.11/site-packages/sklearn/linear_model/_logistic.py:599: ConvergenceWarning: lbfgs failed to converge after 200 iteration(s) (status=1):
STOP: TOTAL NO. OF ITERATIONS REACHED LIMIT

Increase the number of iterations to improve the convergence (max_iter=200).
You might also want to scale the data as shown in:
    https://scikit-learn.org/stable/modules/preprocessing.html
Please also refer to the documentation for alternative solver options:
    https://scikit-learn.org/stable/modules/linear_model.html#logistic-regression
  n_iter_i = _check_optimize_result(
/home/reuellee_gmail_com/.local/lib/python3.11/site-packages/sklearn/linear_model/_logistic.py:599: ConvergenceWarning: lbfgs failed to converge after 200 iteration(s) (status=1):
STOP: TOTAL NO. OF ITERATIONS REACHED LIMIT

Increase the number of iterations to improve the convergence (max_iter=200).
You might also want to scale the data as shown in:
    https://scikit-learn.org/stable/modules/preprocessing.html
Please also refer to the documentation for alternative solver options:
    https://scikit-learn.org/stable/modules/linear_model.html#logistic-regression
  n_iter_i = _check_optimize_result(
/home/reuellee_gmail_com/.local/lib/python3.11/site-packages/sklearn/linear_model/_logistic.py:599: ConvergenceWarning: lbfgs failed to converge after 200 iteration(s) (status=1):
STOP: TOTAL NO. OF ITERATIONS REACHED LIMIT

Increase the number of iterations to improve the convergence (max_iter=200).
You might also want to scale the data as shown in:
    https://scikit-learn.org/stable/modules/preprocessing.html
Please also refer to the documentation for alternative solver options:
    https://scikit-learn.org/stable/modules/linear_model.html#logistic-regression
  n_iter_i = _check_optimize_result(
/home/reuellee_gmail_com/.local/lib/python3.11/site-packages/sklearn/linear_model/_logistic.py:599: ConvergenceWarning: lbfgs failed to converge after 200 iteration(s) (status=1):
STOP: TOTAL NO. OF ITERATIONS REACHED LIMIT

Increase the number of iterations to improve the convergence (max_iter=200).
You might also want to scale the data as shown in:
    https://scikit-learn.org/stable/modules/preprocessing.html
Please also refer to the documentation for alternative solver options:
    https://scikit-learn.org/stable/modules/linear_model.html#logistic-regression
  n_iter_i = _check_optimize_result(
/home/reuellee_gmail_com/.local/lib/python3.11/site-packages/sklearn/linear_model/_logistic.py:599: ConvergenceWarning: lbfgs failed to converge after 200 iteration(s) (status=1):
STOP: TOTAL NO. OF ITERATIONS REACHED LIMIT

Increase the number of iterations to improve the convergence (max_iter=200).
You might also want to scale the data as shown in:
    https://scikit-learn.org/stable/modules/preprocessing.html
Please also refer to the documentation for alternative solver options:
    https://scikit-learn.org/stable/modules/linear_model.html#logistic-regression
  n_iter_i = _check_optimize_result(
/home/reuellee_gmail_com/.local/lib/python3.11/site-packages/sklearn/linear_model/_logistic.py:599: ConvergenceWarning: lbfgs failed to converge after 200 iteration(s) (status=1):
STOP: TOTAL NO. OF ITERATIONS REACHED LIMIT

Increase the number of iterations to improve the convergence (max_iter=200).
You might also want to scale the data as shown in:
    https://scikit-learn.org/stable/modules/preprocessing.html
Please also refer to the documentation for alternative solver options:
    https://scikit-learn.org/stable/modules/linear_model.html#logistic-regression
  n_iter_i = _check_optimize_result(
  probe w: n=929
  probe x: n=44
/home/reuellee_gmail_com/.local/lib/python3.11/site-packages/sklearn/linear_model/_logistic.py:599: ConvergenceWarning: lbfgs failed to converge after 200 iteration(s) (status=1):
STOP: TOTAL NO. OF ITERATIONS REACHED LIMIT

Increase the number of iterations to improve the convergence (max_iter=200).
You might also want to scale the data as shown in:
    https://scikit-learn.org/stable/modules/preprocessing.html
Please also refer to the documentation for alternative solver options:
    https://scikit-learn.org/stable/modules/linear_model.html#logistic-regression
  n_iter_i = _check_optimize_result(
/home/reuellee_gmail_com/.local/lib/python3.11/site-packages/sklearn/linear_model/_logistic.py:599: ConvergenceWarning: lbfgs failed to converge after 200 iteration(s) (status=1):
STOP: TOTAL NO. OF ITERATIONS REACHED LIMIT

Increase the number of iterations to improve the convergence (max_iter=200).
You might also want to scale the data as shown in:
    https://scikit-learn.org/stable/modules/preprocessing.html
Please also refer to the documentation for alternative solver options:
    https://scikit-learn.org/stable/modules/linear_model.html#logistic-regression
  n_iter_i = _check_optimize_result(
/home/reuellee_gmail_com/.local/lib/python3.11/site-packages/sklearn/linear_model/_logistic.py:599: ConvergenceWarning: lbfgs failed to converge after 200 iteration(s) (status=1):
STOP: TOTAL NO. OF ITERATIONS REACHED LIMIT

Increase the number of iterations to improve the convergence (max_iter=200).
You might also want to scale the data as shown in:
    https://scikit-learn.org/stable/modules/preprocessing.html
Please also refer to the documentation for alternative solver options:
    https://scikit-learn.org/stable/modules/linear_model.html#logistic-regression
  n_iter_i = _check_optimize_result(
/home/reuellee_gmail_com/.local/lib/python3.11/site-packages/sklearn/linear_model/_logistic.py:599: ConvergenceWarning: lbfgs failed to converge after 200 iteration(s) (status=1):
STOP: TOTAL NO. OF ITERATIONS REACHED LIMIT

Increase the number of iterations to improve the convergence (max_iter=200).
You might also want to scale the data as shown in:
    https://scikit-learn.org/stable/modules/preprocessing.html
Please also refer to the documentation for alternative solver options:
    https://scikit-learn.org/stable/modules/linear_model.html#logistic-regression
  n_iter_i = _check_optimize_result(
/home/reuellee_gmail_com/.local/lib/python3.11/site-packages/sklearn/linear_model/_logistic.py:599: ConvergenceWarning: lbfgs failed to converge after 200 iteration(s) (status=1):
STOP: TOTAL NO. OF ITERATIONS REACHED LIMIT

Increase the number of iterations to improve the convergence (max_iter=200).
You might also want to scale the data as shown in:
    https://scikit-learn.org/stable/modules/preprocessing.html
Please also refer to the documentation for alternative solver options:
    https://scikit-learn.org/stable/modules/linear_model.html#logistic-regression
  n_iter_i = _check_optimize_result(
/home/reuellee_gmail_com/.local/lib/python3.11/site-packages/sklearn/linear_model/_logistic.py:599: ConvergenceWarning: lbfgs failed to converge after 200 iteration(s) (status=1):
STOP: TOTAL NO. OF ITERATIONS REACHED LIMIT

Increase the number of iterations to improve the convergence (max_iter=200).
You might also want to scale the data as shown in:
    https://scikit-learn.org/stable/modules/preprocessing.html
Please also refer to the documentation for alternative solver options:
    https://scikit-learn.org/stable/modules/linear_model.html#logistic-regression
  n_iter_i = _check_optimize_result(
  probe y: n=162
/home/reuellee_gmail_com/.local/lib/python3.11/site-packages/sklearn/linear_model/_logistic.py:599: ConvergenceWarning: lbfgs failed to converge after 200 iteration(s) (status=1):
STOP: TOTAL NO. OF ITERATIONS REACHED LIMIT

Increase the number of iterations to improve the convergence (max_iter=200).
You might also want to scale the data as shown in:
    https://scikit-learn.org/stable/modules/preprocessing.html
Please also refer to the documentation for alternative solver options:
    https://scikit-learn.org/stable/modules/linear_model.html#logistic-regression
  n_iter_i = _check_optimize_result(
/home/reuellee_gmail_com/.local/lib/python3.11/site-packages/sklearn/linear_model/_logistic.py:599: ConvergenceWarning: lbfgs failed to converge after 200 iteration(s) (status=1):
STOP: TOTAL NO. OF ITERATIONS REACHED LIMIT

Increase the number of iterations to improve the convergence (max_iter=200).
You might also want to scale the data as shown in:
    https://scikit-learn.org/stable/modules/preprocessing.html
Please also refer to the documentation for alternative solver options:
    https://scikit-learn.org/stable/modules/linear_model.html#logistic-regression
  n_iter_i = _check_optimize_result(
/home/reuellee_gmail_com/.local/lib/python3.11/site-packages/sklearn/linear_model/_logistic.py:599: ConvergenceWarning: lbfgs failed to converge after 200 iteration(s) (status=1):
STOP: TOTAL NO. OF ITERATIONS REACHED LIMIT

Increase the number of iterations to improve the convergence (max_iter=200).
You might also want to scale the data as shown in:
    https://scikit-learn.org/stable/modules/preprocessing.html
Please also refer to the documentation for alternative solver options:
    https://scikit-learn.org/stable/modules/linear_model.html#logistic-regression
  n_iter_i = _check_optimize_result(
/home/reuellee_gmail_com/.local/lib/python3.11/site-packages/sklearn/linear_model/_logistic.py:599: ConvergenceWarning: lbfgs failed to converge after 200 iteration(s) (status=1):
STOP: TOTAL NO. OF ITERATIONS REACHED LIMIT

Increase the number of iterations to improve the convergence (max_iter=200).
You might also want to scale the data as shown in:
    https://scikit-learn.org/stable/modules/preprocessing.html
Please also refer to the documentation for alternative solver options:
    https://scikit-learn.org/stable/modules/linear_model.html#logistic-regression
  n_iter_i = _check_optimize_result(
/home/reuellee_gmail_com/.local/lib/python3.11/site-packages/sklearn/linear_model/_logistic.py:599: ConvergenceWarning: lbfgs failed to converge after 200 iteration(s) (status=1):
STOP: TOTAL NO. OF ITERATIONS REACHED LIMIT

Increase the number of iterations to improve the convergence (max_iter=200).
You might also want to scale the data as shown in:
    https://scikit-learn.org/stable/modules/preprocessing.html
Please also refer to the documentation for alternative solver options:
    https://scikit-learn.org/stable/modules/linear_model.html#logistic-regression
  n_iter_i = _check_optimize_result(
/home/reuellee_gmail_com/.local/lib/python3.11/site-packages/sklearn/linear_model/_logistic.py:599: ConvergenceWarning: lbfgs failed to converge after 200 iteration(s) (status=1):
STOP: TOTAL NO. OF ITERATIONS REACHED LIMIT

Increase the number of iterations to improve the convergence (max_iter=200).
You might also want to scale the data as shown in:
    https://scikit-learn.org/stable/modules/preprocessing.html
Please also refer to the documentation for alternative solver options:
    https://scikit-learn.org/stable/modules/linear_model.html#logistic-regression
  n_iter_i = _check_optimize_result(
  probe z: n=311
scoring /home/reuellee_gmail_com/r15/sae/layer_13_width_16k_l0_medium/ (layer 13 activations)
  encoder variant=raw (batch L0 raw=56.5 centered=2768.0 cfg=60)
  layer_13_width_16k_l0_medium: single=0.1186 family=0.0963 L0=73.9/cfg60 fvu=0.457
scoring /home/reuellee_gmail_com/r15/sae/layer_13_width_262k_l0_medium/ (layer 13 activations)
  encoder variant=raw (batch L0 raw=56.1 centered=5388.7 cfg=60)
  layer_13_width_262k_l0_medium: single=0.2031 family=0.1920 L0=77.2/cfg60 fvu=0.452
scoring /home/reuellee_gmail_com/r15/sae/layer_13_width_65k_l0_big/ (layer 13 activations)
  encoder variant=raw (batch L0 raw=131.3 centered=1183.1 cfg=150)
  layer_13_width_65k_l0_big: single=0.1181 family=0.0945 L0=165.0/cfg150 fvu=0.364
scoring /home/reuellee_gmail_com/r15/sae/layer_13_width_65k_l0_medium/ (layer 13 activations)
  encoder variant=raw (batch L0 raw=51.8 centered=4151.0 cfg=60)
  layer_13_width_65k_l0_medium: single=0.1798 family=0.1571 L0=71.7/cfg60 fvu=0.405
scoring /home/reuellee_gmail_com/r15/sae/layer_13_width_65k_l0_small/ (layer 13 activations)
  encoder variant=raw (batch L0 raw=18.4 centered=5795.0 cfg=20)
  layer_13_width_65k_l0_small: single=0.1966 family=0.1941 L0=25.5/cfg20 fvu=0.554
layer 17: words=(24000, 1152) letters=26; fitting SAE-independent probes...
/home/reuellee_gmail_com/.local/lib/python3.11/site-packages/sklearn/linear_model/_logistic.py:599: ConvergenceWarning: lbfgs failed to converge after 200 iteration(s) (status=1):
STOP: TOTAL NO. OF ITERATIONS REACHED LIMIT

Increase the number of iterations to improve the convergence (max_iter=200).
You might also want to scale the data as shown in:
    https://scikit-learn.org/stable/modules/preprocessing.html
Please also refer to the documentation for alternative solver options:
    https://scikit-learn.org/stable/modules/linear_model.html#logistic-regression
  n_iter_i = _check_optimize_result(
/home/reuellee_gmail_com/.local/lib/python3.11/site-packages/sklearn/linear_model/_logistic.py:599: ConvergenceWarning: lbfgs failed to converge after 200 iteration(s) (status=1):
STOP: TOTAL NO. OF ITERATIONS REACHED LIMIT

Increase the number of iterations to improve the convergence (max_iter=200).
You might also want to scale the data as shown in:
    https://scikit-learn.org/stable/modules/preprocessing.html
Please also refer to the documentation for alternative solver options:
    https://scikit-learn.org/stable/modules/linear_model.html#logistic-regression
  n_iter_i = _check_optimize_result(
/home/reuellee_gmail_com/.local/lib/python3.11/site-packages/sklearn/linear_model/_logistic.py:599: ConvergenceWarning: lbfgs failed to converge after 200 iteration(s) (status=1):
STOP: TOTAL NO. OF ITERATIONS REACHED LIMIT

Increase the number of iterations to improve the convergence (max_iter=200).
You might also want to scale the data as shown in:
    https://scikit-learn.org/stable/modules/preprocessing.html
Please also refer to the documentation for alternative solver options:
    https://scikit-learn.org/stable/modules/linear_model.html#logistic-regression
  n_iter_i = _check_optimize_result(
/home/reuellee_gmail_com/.local/lib/python3.11/site-packages/sklearn/linear_model/_logistic.py:599: ConvergenceWarning: lbfgs failed to converge after 200 iteration(s) (status=1):
STOP: TOTAL NO. OF ITERATIONS REACHED LIMIT

Increase the number of iterations to improve the convergence (max_iter=200).
You might also want to scale the data as shown in:
    https://scikit-learn.org/stable/modules/preprocessing.html
Please also refer to the documentation for alternative solver options:
    https://scikit-learn.org/stable/modules/linear_model.html#logistic-regression
  n_iter_i = _check_optimize_result(
/home/reuellee_gmail_com/.local/lib/python3.11/site-packages/sklearn/linear_model/_logistic.py:599: ConvergenceWarning: lbfgs failed to converge after 200 iteration(s) (status=1):
STOP: TOTAL NO. OF ITERATIONS REACHED LIMIT

Increase the number of iterations to improve the convergence (max_iter=200).
You might also want to scale the data as shown in:
    https://scikit-learn.org/stable/modules/preprocessing.html
Please also refer to the documentation for alternative solver options:
    https://scikit-learn.org/stable/modules/linear_model.html#logistic-regression
  n_iter_i = _check_optimize_result(
/home/reuellee_gmail_com/.local/lib/python3.11/site-packages/sklearn/linear_model/_logistic.py:599: ConvergenceWarning: lbfgs failed to converge after 200 iteration(s) (status=1):
STOP: TOTAL NO. OF ITERATIONS REACHED LIMIT

Increase the number of iterations to improve the convergence (max_iter=200).
You might also want to scale the data as shown in:
    https://scikit-learn.org/stable/modules/preprocessing.html
Please also refer to the documentation for alternative solver options:
    https://scikit-learn.org/stable/modules/linear_model.html#logistic-regression
  n_iter_i = _check_optimize_result(
  probe a: n=1243
/home/reuellee_gmail_com/.local/lib/python3.11/site-packages/sklearn/linear_model/_logistic.py:599: ConvergenceWarning: lbfgs failed to converge after 200 iteration(s) (status=1):
STOP: TOTAL NO. OF ITERATIONS REACHED LIMIT

Increase the number of iterations to improve the convergence (max_iter=200).
You might also want to scale the data as shown in:
    https://scikit-learn.org/stable/modules/preprocessing.html
Please also refer to the documentation for alternative solver options:
    https://scikit-learn.org/stable/modules/linear_model.html#logistic-regression
  n_iter_i = _check_optimize_result(
/home/reuellee_gmail_com/.local/lib/python3.11/site-packages/sklearn/linear_model/_logistic.py:599: ConvergenceWarning: lbfgs failed to converge after 200 iteration(s) (status=1):
STOP: TOTAL NO. OF ITERATIONS REACHED LIMIT

Increase the number of iterations to improve the convergence (max_iter=200).
You might also want to scale the data as shown in:
    https://scikit-learn.org/stable/modules/preprocessing.html
Please also refer to the documentation for alternative solver options:
    https://scikit-learn.org/stable/modules/linear_model.html#logistic-regression
  n_iter_i = _check_optimize_result(
/home/reuellee_gmail_com/.local/lib/python3.11/site-packages/sklearn/linear_model/_logistic.py:599: ConvergenceWarning: lbfgs failed to converge after 200 iteration(s) (status=1):
STOP: TOTAL NO. OF ITERATIONS REACHED LIMIT

Increase the number of iterations to improve the convergence (max_iter=200).
You might also want to scale the data as shown in:
    https://scikit-learn.org/stable/modules/preprocessing.html
Please also refer to the documentation for alternative solver options:
    https://scikit-learn.org/stable/modules/linear_model.html#logistic-regression
  n_iter_i = _check_optimize_result(
/home/reuellee_gmail_com/.local/lib/python3.11/site-packages/sklearn/linear_model/_logistic.py:599: ConvergenceWarning: lbfgs failed to converge after 200 iteration(s) (status=1):
STOP: TOTAL NO. OF ITERATIONS REACHED LIMIT

Increase the number of iterations to improve the convergence (max_iter=200).
You might also want to scale the data as shown in:
    https://scikit-learn.org/stable/modules/preprocessing.html
Please also refer to the documentation for alternative solver options:
    https://scikit-learn.org/stable/modules/linear_model.html#logistic-regression
  n_iter_i = _check_optimize_result(
/home/reuellee_gmail_com/.local/lib/python3.11/site-packages/sklearn/linear_model/_logistic.py:599: ConvergenceWarning: lbfgs failed to converge after 200 iteration(s) (status=1):
STOP: TOTAL NO. OF ITERATIONS REACHED LIMIT

Increase the number of iterations to improve the convergence (max_iter=200).
You might also want to scale the data as shown in:
    https://scikit-learn.org/stable/modules/preprocessing.html
Please also refer to the documentation for alternative solver options:
    https://scikit-learn.org/stable/modules/linear_model.html#logistic-regression
  n_iter_i = _check_optimize_result(
/home/reuellee_gmail_com/.local/lib/python3.11/site-packages/sklearn/linear_model/_logistic.py:599: ConvergenceWarning: lbfgs failed to converge after 200 iteration(s) (status=1):
STOP: TOTAL NO. OF ITERATIONS REACHED LIMIT

Increase the number of iterations to improve the convergence (max_iter=200).
You might also want to scale the data as shown in:
    https://scikit-learn.org/stable/modules/preprocessing.html
Please also refer to the documentation for alternative solver options:
    https://scikit-learn.org/stable/modules/linear_model.html#logistic-regression
  n_iter_i = _check_optimize_result(
  probe b: n=1079
/home/reuellee_gmail_com/.local/lib/python3.11/site-packages/sklearn/linear_model/_logistic.py:599: ConvergenceWarning: lbfgs failed to converge after 200 iteration(s) (status=1):
STOP: TOTAL NO. OF ITERATIONS REACHED LIMIT

Increase the number of iterations to improve the convergence (max_iter=200).
You might also want to scale the data as shown in:
    https://scikit-learn.org/stable/modules/preprocessing.html
Please also refer to the documentation for alternative solver options:
    https://scikit-learn.org/stable/modules/linear_model.html#logistic-regression
  n_iter_i = _check_optimize_result(
/home/reuellee_gmail_com/.local/lib/python3.11/site-packages/sklearn/linear_model/_logistic.py:599: ConvergenceWarning: lbfgs failed to converge after 200 iteration(s) (status=1):
STOP: TOTAL NO. OF ITERATIONS REACHED LIMIT

Increase the number of iterations to improve the convergence (max_iter=200).
You might also want to scale the data as shown in:
    https://scikit-learn.org/stable/modules/preprocessing.html
Please also refer to the documentation for alternative solver options:
    https://scikit-learn.org/stable/modules/linear_model.html#logistic-regression
  n_iter_i = _check_optimize_result(
/home/reuellee_gmail_com/.local/lib/python3.11/site-packages/sklearn/linear_model/_logistic.py:599: ConvergenceWarning: lbfgs failed to converge after 200 iteration(s) (status=1):
STOP: TOTAL NO. OF ITERATIONS REACHED LIMIT

Increase the number of iterations to improve the convergence (max_iter=200).
You might also want to scale the data as shown in:
    https://scikit-learn.org/stable/modules/preprocessing.html
Please also refer to the documentation for alternative solver options:
    https://scikit-learn.org/stable/modules/linear_model.html#logistic-regression
  n_iter_i = _check_optimize_result(
/home/reuellee_gmail_com/.local/lib/python3.11/site-packages/sklearn/linear_model/_logistic.py:599: ConvergenceWarning: lbfgs failed to converge after 200 iteration(s) (status=1):
STOP: TOTAL NO. OF ITERATIONS REACHED LIMIT

Increase the number of iterations to improve the convergence (max_iter=200).
You might also want to scale the data as shown in:
    https://scikit-learn.org/stable/modules/preprocessing.html
Please also refer to the documentation for alternative solver options:
    https://scikit-learn.org/stable/modules/linear_model.html#logistic-regression
  n_iter_i = _check_optimize_result(
/home/reuellee_gmail_com/.local/lib/python3.11/site-packages/sklearn/linear_model/_logistic.py:599: ConvergenceWarning: lbfgs failed to converge after 200 iteration(s) (status=1):
STOP: TOTAL NO. OF ITERATIONS REACHED LIMIT

Increase the number of iterations to improve the convergence (max_iter=200).
You might also want to scale the data as shown in:
    https://scikit-learn.org/stable/modules/preprocessing.html
Please also refer to the documentation for alternative solver options:
    https://scikit-learn.org/stable/modules/linear_model.html#logistic-regression
  n_iter_i = _check_optimize_result(
  probe c: n=1348
/home/reuellee_gmail_com/.local/lib/python3.11/site-packages/sklearn/linear_model/_logistic.py:599: ConvergenceWarning: lbfgs failed to converge after 200 iteration(s) (status=1):
STOP: TOTAL NO. OF ITERATIONS REACHED LIMIT

Increase the number of iterations to improve the convergence (max_iter=200).
You might also want to scale the data as shown in:
    https://scikit-learn.org/stable/modules/preprocessing.html
Please also refer to the documentation for alternative solver options:
    https://scikit-learn.org/stable/modules/linear_model.html#logistic-regression
  n_iter_i = _check_optimize_result(
/home/reuellee_gmail_com/.local/lib/python3.11/site-packages/sklearn/linear_model/_logistic.py:599: ConvergenceWarning: lbfgs failed to converge after 200 iteration(s) (status=1):
STOP: TOTAL NO. OF ITERATIONS REACHED LIMIT

Increase the number of iterations to improve the convergence (max_iter=200).
You might also want to scale the data as shown in:
    https://scikit-learn.org/stable/modules/preprocessing.html
Please also refer to the documentation for alternative solver options:
    https://scikit-learn.org/stable/modules/linear_model.html#logistic-regression
  n_iter_i = _check_optimize_result(
/home/reuellee_gmail_com/.local/lib/python3.11/site-packages/sklearn/linear_model/_logistic.py:599: ConvergenceWarning: lbfgs failed to converge after 200 iteration(s) (status=1):
STOP: TOTAL NO. OF ITERATIONS REACHED LIMIT

Increase the number of iterations to improve the convergence (max_iter=200).
You might also want to scale the data as shown in:
    https://scikit-learn.org/stable/modules/preprocessing.html
Please also refer to the documentation for alternative solver options:
    https://scikit-learn.org/stable/modules/linear_model.html#logistic-regression
  n_iter_i = _check_optimize_result(
/home/reuellee_gmail_com/.local/lib/python3.11/site-packages/sklearn/linear_model/_logistic.py:599: ConvergenceWarning: lbfgs failed to converge after 200 iteration(s) (status=1):
STOP: TOTAL NO. OF ITERATIONS REACHED LIMIT

Increase the number of iterations to improve the convergence (max_iter=200).
You might also want to scale the data as shown in:
    https://scikit-learn.org/stable/modules/preprocessing.html
Please also refer to the documentation for alternative solver options:
    https://scikit-learn.org/stable/modules/linear_model.html#logistic-regression
  n_iter_i = _check_optimize_result(
/home/reuellee_gmail_com/.local/lib/python3.11/site-packages/sklearn/linear_model/_logistic.py:599: ConvergenceWarning: lbfgs failed to converge after 200 iteration(s) (status=1):
STOP: TOTAL NO. OF ITERATIONS REACHED LIMIT

Increase the number of iterations to improve the convergence (max_iter=200).
You might also want to scale the data as shown in:
    https://scikit-learn.org/stable/modules/preprocessing.html
Please also refer to the documentation for alternative solver options:
    https://scikit-learn.org/stable/modules/linear_model.html#logistic-regression
  n_iter_i = _check_optimize_result(
/home/reuellee_gmail_com/.local/lib/python3.11/site-packages/sklearn/linear_model/_logistic.py:599: ConvergenceWarning: lbfgs failed to converge after 200 iteration(s) (status=1):
STOP: TOTAL NO. OF ITERATIONS REACHED LIMIT

Increase the number of iterations to improve the convergence (max_iter=200).
You might also want to scale the data as shown in:
    https://scikit-learn.org/stable/modules/preprocessing.html
Please also refer to the documentation for alternative solver options:
    https://scikit-learn.org/stable/modules/linear_model.html#logistic-regression
  n_iter_i = _check_optimize_result(
  probe d: n=1181
/home/reuellee_gmail_com/.local/lib/python3.11/site-packages/sklearn/linear_model/_logistic.py:599: ConvergenceWarning: lbfgs failed to converge after 200 iteration(s) (status=1):
STOP: TOTAL NO. OF ITERATIONS REACHED LIMIT

Increase the number of iterations to improve the convergence (max_iter=200).
You might also want to scale the data as shown in:
    https://scikit-learn.org/stable/modules/preprocessing.html
Please also refer to the documentation for alternative solver options:
    https://scikit-learn.org/stable/modules/linear_model.html#logistic-regression
  n_iter_i = _check_optimize_result(
/home/reuellee_gmail_com/.local/lib/python3.11/site-packages/sklearn/linear_model/_logistic.py:599: ConvergenceWarning: lbfgs failed to converge after 200 iteration(s) (status=1):
STOP: TOTAL NO. OF ITERATIONS REACHED LIMIT

Increase the number of iterations to improve the convergence (max_iter=200).
You might also want to scale the data as shown in:
    https://scikit-learn.org/stable/modules/preprocessing.html
Please also refer to the documentation for alternative solver options:
    https://scikit-learn.org/stable/modules/linear_model.html#logistic-regression
  n_iter_i = _check_optimize_result(
/home/reuellee_gmail_com/.local/lib/python3.11/site-packages/sklearn/linear_model/_logistic.py:599: ConvergenceWarning: lbfgs failed to converge after 200 iteration(s) (status=1):
STOP: TOTAL NO. OF ITERATIONS REACHED LIMIT

Increase the number of iterations to improve the convergence (max_iter=200).
You might also want to scale the data as shown in:
    https://scikit-learn.org/stable/modules/preprocessing.html
Please also refer to the documentation for alternative solver options:
    https://scikit-learn.org/stable/modules/linear_model.html#logistic-regression
  n_iter_i = _check_optimize_result(
/home/reuellee_gmail_com/.local/lib/python3.11/site-packages/sklearn/linear_model/_logistic.py:599: ConvergenceWarning: lbfgs failed to converge after 200 iteration(s) (status=1):
STOP: TOTAL NO. OF ITERATIONS REACHED LIMIT

Increase the number of iterations to improve the convergence (max_iter=200).
You might also want to scale the data as shown in:
    https://scikit-learn.org/stable/modules/preprocessing.html
Please also refer to the documentation for alternative solver options:
    https://scikit-learn.org/stable/modules/linear_model.html#logistic-regression
  n_iter_i = _check_optimize_result(
/home/reuellee_gmail_com/.local/lib/python3.11/site-packages/sklearn/linear_model/_logistic.py:599: ConvergenceWarning: lbfgs failed to converge after 200 iteration(s) (status=1):
STOP: TOTAL NO. OF ITERATIONS REACHED LIMIT

Increase the number of iterations to improve the convergence (max_iter=200).
You might also want to scale the data as shown in:
    https://scikit-learn.org/stable/modules/preprocessing.html
Please also refer to the documentation for alternative solver options:
    https://scikit-learn.org/stable/modules/linear_model.html#logistic-regression
  n_iter_i = _check_optimize_result(
/home/reuellee_gmail_com/.local/lib/python3.11/site-packages/sklearn/linear_model/_logistic.py:599: ConvergenceWarning: lbfgs failed to converge after 200 iteration(s) (status=1):
STOP: TOTAL NO. OF ITERATIONS REACHED LIMIT

Increase the number of iterations to improve the convergence (max_iter=200).
You might also want to scale the data as shown in:
    https://scikit-learn.org/stable/modules/preprocessing.html
Please also refer to the documentation for alternative solver options:
    https://scikit-learn.org/stable/modules/linear_model.html#logistic-regression
  n_iter_i = _check_optimize_result(
  probe e: n=1092
/home/reuellee_gmail_com/.local/lib/python3.11/site-packages/sklearn/linear_model/_logistic.py:599: ConvergenceWarning: lbfgs failed to converge after 200 iteration(s) (status=1):
STOP: TOTAL NO. OF ITERATIONS REACHED LIMIT

Increase the number of iterations to improve the convergence (max_iter=200).
You might also want to scale the data as shown in:
    https://scikit-learn.org/stable/modules/preprocessing.html
Please also refer to the documentation for alternative solver options:
    https://scikit-learn.org/stable/modules/linear_model.html#logistic-regression
  n_iter_i = _check_optimize_result(
  probe f: n=1046
/home/reuellee_gmail_com/.local/lib/python3.11/site-packages/sklearn/linear_model/_logistic.py:599: ConvergenceWarning: lbfgs failed to converge after 200 iteration(s) (status=1):
STOP: TOTAL NO. OF ITERATIONS REACHED LIMIT

Increase the number of iterations to improve the convergence (max_iter=200).
You might also want to scale the data as shown in:
    https://scikit-learn.org/stable/modules/preprocessing.html
Please also refer to the documentation for alternative solver options:
    https://scikit-learn.org/stable/modules/linear_model.html#logistic-regression
  n_iter_i = _check_optimize_result(
/home/reuellee_gmail_com/.local/lib/python3.11/site-packages/sklearn/linear_model/_logistic.py:599: ConvergenceWarning: lbfgs failed to converge after 200 iteration(s) (status=1):
STOP: TOTAL NO. OF ITERATIONS REACHED LIMIT

Increase the number of iterations to improve the convergence (max_iter=200).
You might also want to scale the data as shown in:
    https://scikit-learn.org/stable/modules/preprocessing.html
Please also refer to the documentation for alternative solver options:
    https://scikit-learn.org/stable/modules/linear_model.html#logistic-regression
  n_iter_i = _check_optimize_result(
/home/reuellee_gmail_com/.local/lib/python3.11/site-packages/sklearn/linear_model/_logistic.py:599: ConvergenceWarning: lbfgs failed to converge after 200 iteration(s) (status=1):
STOP: TOTAL NO. OF ITERATIONS REACHED LIMIT

Increase the number of iterations to improve the convergence (max_iter=200).
You might also want to scale the data as shown in:
    https://scikit-learn.org/stable/modules/preprocessing.html
Please also refer to the documentation for alternative solver options:
    https://scikit-learn.org/stable/modules/linear_model.html#logistic-regression
  n_iter_i = _check_optimize_result(
/home/reuellee_gmail_com/.local/lib/python3.11/site-packages/sklearn/linear_model/_logistic.py:599: ConvergenceWarning: lbfgs failed to converge after 200 iteration(s) (status=1):
STOP: TOTAL NO. OF ITERATIONS REACHED LIMIT

Increase the number of iterations to improve the convergence (max_iter=200).
You might also want to scale the data as shown in:
    https://scikit-learn.org/stable/modules/preprocessing.html
Please also refer to the documentation for alternative solver options:
    https://scikit-learn.org/stable/modules/linear_model.html#logistic-regression
  n_iter_i = _check_optimize_result(
/home/reuellee_gmail_com/.local/lib/python3.11/site-packages/sklearn/linear_model/_logistic.py:599: ConvergenceWarning: lbfgs failed to converge after 200 iteration(s) (status=1):
STOP: TOTAL NO. OF ITERATIONS REACHED LIMIT

Increase the number of iterations to improve the convergence (max_iter=200).
You might also want to scale the data as shown in:
    https://scikit-learn.org/stable/modules/preprocessing.html
Please also refer to the documentation for alternative solver options:
    https://scikit-learn.org/stable/modules/linear_model.html#logistic-regression
  n_iter_i = _check_optimize_result(
  probe g: n=979
/home/reuellee_gmail_com/.local/lib/python3.11/site-packages/sklearn/linear_model/_logistic.py:599: ConvergenceWarning: lbfgs failed to converge after 200 iteration(s) (status=1):
STOP: TOTAL NO. OF ITERATIONS REACHED LIMIT

Increase the number of iterations to improve the convergence (max_iter=200).
You might also want to scale the data as shown in:
    https://scikit-learn.org/stable/modules/preprocessing.html
Please also refer to the documentation for alternative solver options:
    https://scikit-learn.org/stable/modules/linear_model.html#logistic-regression
  n_iter_i = _check_optimize_result(
/home/reuellee_gmail_com/.local/lib/python3.11/site-packages/sklearn/linear_model/_logistic.py:599: ConvergenceWarning: lbfgs failed to converge after 200 iteration(s) (status=1):
STOP: TOTAL NO. OF ITERATIONS REACHED LIMIT

Increase the number of iterations to improve the convergence (max_iter=200).
You might also want to scale the data as shown in:
    https://scikit-learn.org/stable/modules/preprocessing.html
Please also refer to the documentation for alternative solver options:
    https://scikit-learn.org/stable/modules/linear_model.html#logistic-regression
  n_iter_i = _check_optimize_result(
/home/reuellee_gmail_com/.local/lib/python3.11/site-packages/sklearn/linear_model/_logistic.py:599: ConvergenceWarning: lbfgs failed to converge after 200 iteration(s) (status=1):
STOP: TOTAL NO. OF ITERATIONS REACHED LIMIT

Increase the number of iterations to improve the convergence (max_iter=200).
You might also want to scale the data as shown in:
    https://scikit-learn.org/stable/modules/preprocessing.html
Please also refer to the documentation for alternative solver options:
    https://scikit-learn.org/stable/modules/linear_model.html#logistic-regression
  n_iter_i = _check_optimize_result(
/home/reuellee_gmail_com/.local/lib/python3.11/site-packages/sklearn/linear_model/_logistic.py:599: ConvergenceWarning: lbfgs failed to converge after 200 iteration(s) (status=1):
STOP: TOTAL NO. OF ITERATIONS REACHED LIMIT

Increase the number of iterations to improve the convergence (max_iter=200).
You might also want to scale the data as shown in:
    https://scikit-learn.org/stable/modules/preprocessing.html
Please also refer to the documentation for alternative solver options:
    https://scikit-learn.org/stable/modules/linear_model.html#logistic-regression
  n_iter_i = _check_optimize_result(
/home/reuellee_gmail_com/.local/lib/python3.11/site-packages/sklearn/linear_model/_logistic.py:599: ConvergenceWarning: lbfgs failed to converge after 200 iteration(s) (status=1):
STOP: TOTAL NO. OF ITERATIONS REACHED LIMIT

Increase the number of iterations to improve the convergence (max_iter=200).
You might also want to scale the data as shown in:
    https://scikit-learn.org/stable/modules/preprocessing.html
Please also refer to the documentation for alternative solver options:
    https://scikit-learn.org/stable/modules/linear_model.html#logistic-regression
  n_iter_i = _check_optimize_result(
  probe h: n=985
/home/reuellee_gmail_com/.local/lib/python3.11/site-packages/sklearn/linear_model/_logistic.py:599: ConvergenceWarning: lbfgs failed to converge after 200 iteration(s) (status=1):
STOP: TOTAL NO. OF ITERATIONS REACHED LIMIT

Increase the number of iterations to improve the convergence (max_iter=200).
You might also want to scale the data as shown in:
    https://scikit-learn.org/stable/modules/preprocessing.html
Please also refer to the documentation for alternative solver options:
    https://scikit-learn.org/stable/modules/linear_model.html#logistic-regression
  n_iter_i = _check_optimize_result(
/home/reuellee_gmail_com/.local/lib/python3.11/site-packages/sklearn/linear_model/_logistic.py:599: ConvergenceWarning: lbfgs failed to converge after 200 iteration(s) (status=1):
STOP: TOTAL NO. OF ITERATIONS REACHED LIMIT

Increase the number of iterations to improve the convergence (max_iter=200).
You might also want to scale the data as shown in:
    https://scikit-learn.org/stable/modules/preprocessing.html
Please also refer to the documentation for alternative solver options:
    https://scikit-learn.org/stable/modules/linear_model.html#logistic-regression
  n_iter_i = _check_optimize_result(
/home/reuellee_gmail_com/.local/lib/python3.11/site-packages/sklearn/linear_model/_logistic.py:599: ConvergenceWarning: lbfgs failed to converge after 200 iteration(s) (status=1):
STOP: TOTAL NO. OF ITERATIONS REACHED LIMIT

Increase the number of iterations to improve the convergence (max_iter=200).
You might also want to scale the data as shown in:
    https://scikit-learn.org/stable/modules/preprocessing.html
Please also refer to the documentation for alternative solver options:
    https://scikit-learn.org/stable/modules/linear_model.html#logistic-regression
  n_iter_i = _check_optimize_result(
/home/reuellee_gmail_com/.local/lib/python3.11/site-packages/sklearn/linear_model/_logistic.py:599: ConvergenceWarning: lbfgs failed to converge after 200 iteration(s) (status=1):
STOP: TOTAL NO. OF ITERATIONS REACHED LIMIT

Increase the number of iterations to improve the convergence (max_iter=200).
You might also want to scale the data as shown in:
    https://scikit-learn.org/stable/modules/preprocessing.html
Please also refer to the documentation for alternative solver options:
    https://scikit-learn.org/stable/modules/linear_model.html#logistic-regression
  n_iter_i = _check_optimize_result(
/home/reuellee_gmail_com/.local/lib/python3.11/site-packages/sklearn/linear_model/_logistic.py:599: ConvergenceWarning: lbfgs failed to converge after 200 iteration(s) (status=1):
STOP: TOTAL NO. OF ITERATIONS REACHED LIMIT

Increase the number of iterations to improve the convergence (max_iter=200).
You might also want to scale the data as shown in:
    https://scikit-learn.org/stable/modules/preprocessing.html
Please also refer to the documentation for alternative solver options:
    https://scikit-learn.org/stable/modules/linear_model.html#logistic-regression
  n_iter_i = _check_optimize_result(
/home/reuellee_gmail_com/.local/lib/python3.11/site-packages/sklearn/linear_model/_logistic.py:599: ConvergenceWarning: lbfgs failed to converge after 200 iteration(s) (status=1):
STOP: TOTAL NO. OF ITERATIONS REACHED LIMIT

Increase the number of iterations to improve the convergence (max_iter=200).
You might also want to scale the data as shown in:
    https://scikit-learn.org/stable/modules/preprocessing.html
Please also refer to the documentation for alternative solver options:
    https://scikit-learn.org/stable/modules/linear_model.html#logistic-regression
  n_iter_i = _check_optimize_result(
  probe i: n=1044
/home/reuellee_gmail_com/.local/lib/python3.11/site-packages/sklearn/linear_model/_logistic.py:599: ConvergenceWarning: lbfgs failed to converge after 200 iteration(s) (status=1):
STOP: TOTAL NO. OF ITERATIONS REACHED LIMIT

Increase the number of iterations to improve the convergence (max_iter=200).
You might also want to scale the data as shown in:
    https://scikit-learn.org/stable/modules/preprocessing.html
Please also refer to the documentation for alternative solver options:
    https://scikit-learn.org/stable/modules/linear_model.html#logistic-regression
  n_iter_i = _check_optimize_result(
/home/reuellee_gmail_com/.local/lib/python3.11/site-packages/sklearn/linear_model/_logistic.py:599: ConvergenceWarning: lbfgs failed to converge after 200 iteration(s) (status=1):
STOP: TOTAL NO. OF ITERATIONS REACHED LIMIT

Increase the number of iterations to improve the convergence (max_iter=200).
You might also want to scale the data as shown in:
    https://scikit-learn.org/stable/modules/preprocessing.html
Please also refer to the documentation for alternative solver options:
    https://scikit-learn.org/stable/modules/linear_model.html#logistic-regression
  n_iter_i = _check_optimize_result(
/home/reuellee_gmail_com/.local/lib/python3.11/site-packages/sklearn/linear_model/_logistic.py:599: ConvergenceWarning: lbfgs failed to converge after 200 iteration(s) (status=1):
STOP: TOTAL NO. OF ITERATIONS REACHED LIMIT

Increase the number of iterations to improve the convergence (max_iter=200).
You might also want to scale the data as shown in:
    https://scikit-learn.org/stable/modules/preprocessing.html
Please also refer to the documentation for alternative solver options:
    https://scikit-learn.org/stable/modules/linear_model.html#logistic-regression
  n_iter_i = _check_optimize_result(
  probe j: n=513
/home/reuellee_gmail_com/.local/lib/python3.11/site-packages/sklearn/linear_model/_logistic.py:599: ConvergenceWarning: lbfgs failed to converge after 200 iteration(s) (status=1):
STOP: TOTAL NO. OF ITERATIONS REACHED LIMIT

Increase the number of iterations to improve the convergence (max_iter=200).
You might also want to scale the data as shown in:
    https://scikit-learn.org/stable/modules/preprocessing.html
Please also refer to the documentation for alternative solver options:
    https://scikit-learn.org/stable/modules/linear_model.html#logistic-regression
  n_iter_i = _check_optimize_result(
/home/reuellee_gmail_com/.local/lib/python3.11/site-packages/sklearn/linear_model/_logistic.py:599: ConvergenceWarning: lbfgs failed to converge after 200 iteration(s) (status=1):
STOP: TOTAL NO. OF ITERATIONS REACHED LIMIT

Increase the number of iterations to improve the convergence (max_iter=200).
You might also want to scale the data as shown in:
    https://scikit-learn.org/stable/modules/preprocessing.html
Please also refer to the documentation for alternative solver options:
    https://scikit-learn.org/stable/modules/linear_model.html#logistic-regression
  n_iter_i = _check_optimize_result(
/home/reuellee_gmail_com/.local/lib/python3.11/site-packages/sklearn/linear_model/_logistic.py:599: ConvergenceWarning: lbfgs failed to converge after 200 iteration(s) (status=1):
STOP: TOTAL NO. OF ITERATIONS REACHED LIMIT

Increase the number of iterations to improve the convergence (max_iter=200).
You might also want to scale the data as shown in:
    https://scikit-learn.org/stable/modules/preprocessing.html
Please also refer to the documentation for alternative solver options:
    https://scikit-learn.org/stable/modules/linear_model.html#logistic-regression
  n_iter_i = _check_optimize_result(
/home/reuellee_gmail_com/.local/lib/python3.11/site-packages/sklearn/linear_model/_logistic.py:599: ConvergenceWarning: lbfgs failed to converge after 200 iteration(s) (status=1):
STOP: TOTAL NO. OF ITERATIONS REACHED LIMIT

Increase the number of iterations to improve the convergence (max_iter=200).
You might also want to scale the data as shown in:
    https://scikit-learn.org/stable/modules/preprocessing.html
Please also refer to the documentation for alternative solver options:
    https://scikit-learn.org/stable/modules/linear_model.html#logistic-regression
  n_iter_i = _check_optimize_result(
/home/reuellee_gmail_com/.local/lib/python3.11/site-packages/sklearn/linear_model/_logistic.py:599: ConvergenceWarning: lbfgs failed to converge after 200 iteration(s) (status=1):
STOP: TOTAL NO. OF ITERATIONS REACHED LIMIT

Increase the number of iterations to improve the convergence (max_iter=200).
You might also want to scale the data as shown in:
    https://scikit-learn.org/stable/modules/preprocessing.html
Please also refer to the documentation for alternative solver options:
    https://scikit-learn.org/stable/modules/linear_model.html#logistic-regression
  n_iter_i = _check_optimize_result(
/home/reuellee_gmail_com/.local/lib/python3.11/site-packages/sklearn/linear_model/_logistic.py:599: ConvergenceWarning: lbfgs failed to converge after 200 iteration(s) (status=1):
STOP: TOTAL NO. OF ITERATIONS REACHED LIMIT

Increase the number of iterations to improve the convergence (max_iter=200).
You might also want to scale the data as shown in:
    https://scikit-learn.org/stable/modules/preprocessing.html
Please also refer to the documentation for alternative solver options:
    https://scikit-learn.org/stable/modules/linear_model.html#logistic-regression
  n_iter_i = _check_optimize_result(
  probe k: n=934
/home/reuellee_gmail_com/.local/lib/python3.11/site-packages/sklearn/linear_model/_logistic.py:599: ConvergenceWarning: lbfgs failed to converge after 200 iteration(s) (status=1):
STOP: TOTAL NO. OF ITERATIONS REACHED LIMIT

Increase the number of iterations to improve the convergence (max_iter=200).
You might also want to scale the data as shown in:
    https://scikit-learn.org/stable/modules/preprocessing.html
Please also refer to the documentation for alternative solver options:
    https://scikit-learn.org/stable/modules/linear_model.html#logistic-regression
  n_iter_i = _check_optimize_result(
  probe l: n=988
/home/reuellee_gmail_com/.local/lib/python3.11/site-packages/sklearn/linear_model/_logistic.py:599: ConvergenceWarning: lbfgs failed to converge after 200 iteration(s) (status=1):
STOP: TOTAL NO. OF ITERATIONS REACHED LIMIT

Increase the number of iterations to improve the convergence (max_iter=200).
You might also want to scale the data as shown in:
    https://scikit-learn.org/stable/modules/preprocessing.html
Please also refer to the documentation for alternative solver options:
    https://scikit-learn.org/stable/modules/linear_model.html#logistic-regression
  n_iter_i = _check_optimize_result(
/home/reuellee_gmail_com/.local/lib/python3.11/site-packages/sklearn/linear_model/_logistic.py:599: ConvergenceWarning: lbfgs failed to converge after 200 iteration(s) (status=1):
STOP: TOTAL NO. OF ITERATIONS REACHED LIMIT

Increase the number of iterations to improve the convergence (max_iter=200).
You might also want to scale the data as shown in:
    https://scikit-learn.org/stable/modules/preprocessing.html
Please also refer to the documentation for alternative solver options:
    https://scikit-learn.org/stable/modules/linear_model.html#logistic-regression
  n_iter_i = _check_optimize_result(
/home/reuellee_gmail_com/.local/lib/python3.11/site-packages/sklearn/linear_model/_logistic.py:599: ConvergenceWarning: lbfgs failed to converge after 200 iteration(s) (status=1):
STOP: TOTAL NO. OF ITERATIONS REACHED LIMIT

Increase the number of iterations to improve the convergence (max_iter=200).
You might also want to scale the data as shown in:
    https://scikit-learn.org/stable/modules/preprocessing.html
Please also refer to the documentation for alternative solver options:
    https://scikit-learn.org/stable/modules/linear_model.html#logistic-regression
  n_iter_i = _check_optimize_result(
/home/reuellee_gmail_com/.local/lib/python3.11/site-packages/sklearn/linear_model/_logistic.py:599: ConvergenceWarning: lbfgs failed to converge after 200 iteration(s) (status=1):
STOP: TOTAL NO. OF ITERATIONS REACHED LIMIT

Increase the number of iterations to improve the convergence (max_iter=200).
You might also want to scale the data as shown in:
    https://scikit-learn.org/stable/modules/preprocessing.html
Please also refer to the documentation for alternative solver options:
    https://scikit-learn.org/stable/modules/linear_model.html#logistic-regression
  n_iter_i = _check_optimize_result(
  probe m: n=1126
/home/reuellee_gmail_com/.local/lib/python3.11/site-packages/sklearn/linear_model/_logistic.py:599: ConvergenceWarning: lbfgs failed to converge after 200 iteration(s) (status=1):
STOP: TOTAL NO. OF ITERATIONS REACHED LIMIT

Increase the number of iterations to improve the convergence (max_iter=200).
You might also want to scale the data as shown in:
    https://scikit-learn.org/stable/modules/preprocessing.html
Please also refer to the documentation for alternative solver options:
    https://scikit-learn.org/stable/modules/linear_model.html#logistic-regression
  n_iter_i = _check_optimize_result(
/home/reuellee_gmail_com/.local/lib/python3.11/site-packages/sklearn/linear_model/_logistic.py:599: ConvergenceWarning: lbfgs failed to converge after 200 iteration(s) (status=1):
STOP: TOTAL NO. OF ITERATIONS REACHED LIMIT

Increase the number of iterations to improve the convergence (max_iter=200).
You might also want to scale the data as shown in:
    https://scikit-learn.org/stable/modules/preprocessing.html
Please also refer to the documentation for alternative solver options:
    https://scikit-learn.org/stable/modules/linear_model.html#logistic-regression
  n_iter_i = _check_optimize_result(
/home/reuellee_gmail_com/.local/lib/python3.11/site-packages/sklearn/linear_model/_logistic.py:599: ConvergenceWarning: lbfgs failed to converge after 200 iteration(s) (status=1):
STOP: TOTAL NO. OF ITERATIONS REACHED LIMIT

Increase the number of iterations to improve the convergence (max_iter=200).
You might also want to scale the data as shown in:
    https://scikit-learn.org/stable/modules/preprocessing.html
Please also refer to the documentation for alternative solver options:
    https://scikit-learn.org/stable/modules/linear_model.html#logistic-regression
  n_iter_i = _check_optimize_result(
/home/reuellee_gmail_com/.local/lib/python3.11/site-packages/sklearn/linear_model/_logistic.py:599: ConvergenceWarning: lbfgs failed to converge after 200 iteration(s) (status=1):
STOP: TOTAL NO. OF ITERATIONS REACHED LIMIT

Increase the number of iterations to improve the convergence (max_iter=200).
You might also want to scale the data as shown in:
    https://scikit-learn.org/stable/modules/preprocessing.html
Please also refer to the documentation for alternative solver options:
    https://scikit-learn.org/stable/modules/linear_model.html#logistic-regression
  n_iter_i = _check_optimize_result(
/home/reuellee_gmail_com/.local/lib/python3.11/site-packages/sklearn/linear_model/_logistic.py:599: ConvergenceWarning: lbfgs failed to converge after 200 iteration(s) (status=1):
STOP: TOTAL NO. OF ITERATIONS REACHED LIMIT

Increase the number of iterations to improve the convergence (max_iter=200).
You might also want to scale the data as shown in:
    https://scikit-learn.org/stable/modules/preprocessing.html
Please also refer to the documentation for alternative solver options:
    https://scikit-learn.org/stable/modules/linear_model.html#logistic-regression
  n_iter_i = _check_optimize_result(
  probe n: n=959
/home/reuellee_gmail_com/.local/lib/python3.11/site-packages/sklearn/linear_model/_logistic.py:599: ConvergenceWarning: lbfgs failed to converge after 200 iteration(s) (status=1):
STOP: TOTAL NO. OF ITERATIONS REACHED LIMIT

Increase the number of iterations to improve the convergence (max_iter=200).
You might also want to scale the data as shown in:
    https://scikit-learn.org/stable/modules/preprocessing.html
Please also refer to the documentation for alternative solver options:
    https://scikit-learn.org/stable/modules/linear_model.html#logistic-regression
  n_iter_i = _check_optimize_result(
/home/reuellee_gmail_com/.local/lib/python3.11/site-packages/sklearn/linear_model/_logistic.py:599: ConvergenceWarning: lbfgs failed to converge after 200 iteration(s) (status=1):
STOP: TOTAL NO. OF ITERATIONS REACHED LIMIT

Increase the number of iterations to improve the convergence (max_iter=200).
You might also want to scale the data as shown in:
    https://scikit-learn.org/stable/modules/preprocessing.html
Please also refer to the documentation for alternative solver options:
    https://scikit-learn.org/stable/modules/linear_model.html#logistic-regression
  n_iter_i = _check_optimize_result(
/home/reuellee_gmail_com/.local/lib/python3.11/site-packages/sklearn/linear_model/_logistic.py:599: ConvergenceWarning: lbfgs failed to converge after 200 iteration(s) (status=1):
STOP: TOTAL NO. OF ITERATIONS REACHED LIMIT

Increase the number of iterations to improve the convergence (max_iter=200).
You might also want to scale the data as shown in:
    https://scikit-learn.org/stable/modules/preprocessing.html
Please also refer to the documentation for alternative solver options:
    https://scikit-learn.org/stable/modules/linear_model.html#logistic-regression
  n_iter_i = _check_optimize_result(
/home/reuellee_gmail_com/.local/lib/python3.11/site-packages/sklearn/linear_model/_logistic.py:599: ConvergenceWarning: lbfgs failed to converge after 200 iteration(s) (status=1):
STOP: TOTAL NO. OF ITERATIONS REACHED LIMIT

Increase the number of iterations to improve the convergence (max_iter=200).
You might also want to scale the data as shown in:
    https://scikit-learn.org/stable/modules/preprocessing.html
Please also refer to the documentation for alternative solver options:
    https://scikit-learn.org/stable/modules/linear_model.html#logistic-regression
  n_iter_i = _check_optimize_result(
/home/reuellee_gmail_com/.local/lib/python3.11/site-packages/sklearn/linear_model/_logistic.py:599: ConvergenceWarning: lbfgs failed to converge after 200 iteration(s) (status=1):
STOP: TOTAL NO. OF ITERATIONS REACHED LIMIT

Increase the number of iterations to improve the convergence (max_iter=200).
You might also want to scale the data as shown in:
    https://scikit-learn.org/stable/modules/preprocessing.html
Please also refer to the documentation for alternative solver options:
    https://scikit-learn.org/stable/modules/linear_model.html#logistic-regression
  n_iter_i = _check_optimize_result(
/home/reuellee_gmail_com/.local/lib/python3.11/site-packages/sklearn/linear_model/_logistic.py:599: ConvergenceWarning: lbfgs failed to converge after 200 iteration(s) (status=1):
STOP: TOTAL NO. OF ITERATIONS REACHED LIMIT

Increase the number of iterations to improve the convergence (max_iter=200).
You might also want to scale the data as shown in:
    https://scikit-learn.org/stable/modules/preprocessing.html
Please also refer to the documentation for alternative solver options:
    https://scikit-learn.org/stable/modules/linear_model.html#logistic-regression
  n_iter_i = _check_optimize_result(
  probe o: n=970
/home/reuellee_gmail_com/.local/lib/python3.11/site-packages/sklearn/linear_model/_logistic.py:599: ConvergenceWarning: lbfgs failed to converge after 200 iteration(s) (status=1):
STOP: TOTAL NO. OF ITERATIONS REACHED LIMIT

Increase the number of iterations to improve the convergence (max_iter=200).
You might also want to scale the data as shown in:
    https://scikit-learn.org/stable/modules/preprocessing.html
Please also refer to the documentation for alternative solver options:
    https://scikit-learn.org/stable/modules/linear_model.html#logistic-regression
  n_iter_i = _check_optimize_result(
/home/reuellee_gmail_com/.local/lib/python3.11/site-packages/sklearn/linear_model/_logistic.py:599: ConvergenceWarning: lbfgs failed to converge after 200 iteration(s) (status=1):
STOP: TOTAL NO. OF ITERATIONS REACHED LIMIT

Increase the number of iterations to improve the convergence (max_iter=200).
You might also want to scale the data as shown in:
    https://scikit-learn.org/stable/modules/preprocessing.html
Please also refer to the documentation for alternative solver options:
    https://scikit-learn.org/stable/modules/linear_model.html#logistic-regression
  n_iter_i = _check_optimize_result(
/home/reuellee_gmail_com/.local/lib/python3.11/site-packages/sklearn/linear_model/_logistic.py:599: ConvergenceWarning: lbfgs failed to converge after 200 iteration(s) (status=1):
STOP: TOTAL NO. OF ITERATIONS REACHED LIMIT

Increase the number of iterations to improve the convergence (max_iter=200).
You might also want to scale the data as shown in:
    https://scikit-learn.org/stable/modules/preprocessing.html
Please also refer to the documentation for alternative solver options:
    https://scikit-learn.org/stable/modules/linear_model.html#logistic-regression
  n_iter_i = _check_optimize_result(
/home/reuellee_gmail_com/.local/lib/python3.11/site-packages/sklearn/linear_model/_logistic.py:599: ConvergenceWarning: lbfgs failed to converge after 200 iteration(s) (status=1):
STOP: TOTAL NO. OF ITERATIONS REACHED LIMIT

Increase the number of iterations to improve the convergence (max_iter=200).
You might also want to scale the data as shown in:
    https://scikit-learn.org/stable/modules/preprocessing.html
Please also refer to the documentation for alternative solver options:
    https://scikit-learn.org/stable/modules/linear_model.html#logistic-regression
  n_iter_i = _check_optimize_result(
/home/reuellee_gmail_com/.local/lib/python3.11/site-packages/sklearn/linear_model/_logistic.py:599: ConvergenceWarning: lbfgs failed to converge after 200 iteration(s) (status=1):
STOP: TOTAL NO. OF ITERATIONS REACHED LIMIT

Increase the number of iterations to improve the convergence (max_iter=200).
You might also want to scale the data as shown in:
    https://scikit-learn.org/stable/modules/preprocessing.html
Please also refer to the documentation for alternative solver options:
    https://scikit-learn.org/stable/modules/linear_model.html#logistic-regression
  n_iter_i = _check_optimize_result(
/home/reuellee_gmail_com/.local/lib/python3.11/site-packages/sklearn/linear_model/_logistic.py:599: ConvergenceWarning: lbfgs failed to converge after 200 iteration(s) (status=1):
STOP: TOTAL NO. OF ITERATIONS REACHED LIMIT

Increase the number of iterations to improve the convergence (max_iter=200).
You might also want to scale the data as shown in:
    https://scikit-learn.org/stable/modules/preprocessing.html
Please also refer to the documentation for alternative solver options:
    https://scikit-learn.org/stable/modules/linear_model.html#logistic-regression
  n_iter_i = _check_optimize_result(
  probe p: n=1294
  probe q: n=282
/home/reuellee_gmail_com/.local/lib/python3.11/site-packages/sklearn/linear_model/_logistic.py:599: ConvergenceWarning: lbfgs failed to converge after 200 iteration(s) (status=1):
STOP: TOTAL NO. OF ITERATIONS REACHED LIMIT

Increase the number of iterations to improve the convergence (max_iter=200).
You might also want to scale the data as shown in:
    https://scikit-learn.org/stable/modules/preprocessing.html
Please also refer to the documentation for alternative solver options:
    https://scikit-learn.org/stable/modules/linear_model.html#logistic-regression
  n_iter_i = _check_optimize_result(
  probe r: n=1119
/home/reuellee_gmail_com/.local/lib/python3.11/site-packages/sklearn/linear_model/_logistic.py:599: ConvergenceWarning: lbfgs failed to converge after 200 iteration(s) (status=1):
STOP: TOTAL NO. OF ITERATIONS REACHED LIMIT

Increase the number of iterations to improve the convergence (max_iter=200).
You might also want to scale the data as shown in:
    https://scikit-learn.org/stable/modules/preprocessing.html
Please also refer to the documentation for alternative solver options:
    https://scikit-learn.org/stable/modules/linear_model.html#logistic-regression
  n_iter_i = _check_optimize_result(
/home/reuellee_gmail_com/.local/lib/python3.11/site-packages/sklearn/linear_model/_logistic.py:599: ConvergenceWarning: lbfgs failed to converge after 200 iteration(s) (status=1):
STOP: TOTAL NO. OF ITERATIONS REACHED LIMIT

Increase the number of iterations to improve the convergence (max_iter=200).
You might also want to scale the data as shown in:
    https://scikit-learn.org/stable/modules/preprocessing.html
Please also refer to the documentation for alternative solver options:
    https://scikit-learn.org/stable/modules/linear_model.html#logistic-regression
  n_iter_i = _check_optimize_result(
/home/reuellee_gmail_com/.local/lib/python3.11/site-packages/sklearn/linear_model/_logistic.py:599: ConvergenceWarning: lbfgs failed to converge after 200 iteration(s) (status=1):
STOP: TOTAL NO. OF ITERATIONS REACHED LIMIT

Increase the number of iterations to improve the convergence (max_iter=200).
You might also want to scale the data as shown in:
    https://scikit-learn.org/stable/modules/preprocessing.html
Please also refer to the documentation for alternative solver options:
    https://scikit-learn.org/stable/modules/linear_model.html#logistic-regression
  n_iter_i = _check_optimize_result(
/home/reuellee_gmail_com/.local/lib/python3.11/site-packages/sklearn/linear_model/_logistic.py:599: ConvergenceWarning: lbfgs failed to converge after 200 iteration(s) (status=1):
STOP: TOTAL NO. OF ITERATIONS REACHED LIMIT

Increase the number of iterations to improve the convergence (max_iter=200).
You might also want to scale the data as shown in:
    https://scikit-learn.org/stable/modules/preprocessing.html
Please also refer to the documentation for alternative solver options:
    https://scikit-learn.org/stable/modules/linear_model.html#logistic-regression
  n_iter_i = _check_optimize_result(
/home/reuellee_gmail_com/.local/lib/python3.11/site-packages/sklearn/linear_model/_logistic.py:599: ConvergenceWarning: lbfgs failed to converge after 200 iteration(s) (status=1):
STOP: TOTAL NO. OF ITERATIONS REACHED LIMIT

Increase the number of iterations to improve the convergence (max_iter=200).
You might also want to scale the data as shown in:
    https://scikit-learn.org/stable/modules/preprocessing.html
Please also refer to the documentation for alternative solver options:
    https://scikit-learn.org/stable/modules/linear_model.html#logistic-regression
  n_iter_i = _check_optimize_result(
/home/reuellee_gmail_com/.local/lib/python3.11/site-packages/sklearn/linear_model/_logistic.py:599: ConvergenceWarning: lbfgs failed to converge after 200 iteration(s) (status=1):
STOP: TOTAL NO. OF ITERATIONS REACHED LIMIT

Increase the number of iterations to improve the convergence (max_iter=200).
You might also want to scale the data as shown in:
    https://scikit-learn.org/stable/modules/preprocessing.html
Please also refer to the documentation for alternative solver options:
    https://scikit-learn.org/stable/modules/linear_model.html#logistic-regression
  n_iter_i = _check_optimize_result(
  probe s: n=1364
/home/reuellee_gmail_com/.local/lib/python3.11/site-packages/sklearn/linear_model/_logistic.py:599: ConvergenceWarning: lbfgs failed to converge after 200 iteration(s) (status=1):
STOP: TOTAL NO. OF ITERATIONS REACHED LIMIT

Increase the number of iterations to improve the convergence (max_iter=200).
You might also want to scale the data as shown in:
    https://scikit-learn.org/stable/modules/preprocessing.html
Please also refer to the documentation for alternative solver options:
    https://scikit-learn.org/stable/modules/linear_model.html#logistic-regression
  n_iter_i = _check_optimize_result(
/home/reuellee_gmail_com/.local/lib/python3.11/site-packages/sklearn/linear_model/_logistic.py:599: ConvergenceWarning: lbfgs failed to converge after 200 iteration(s) (status=1):
STOP: TOTAL NO. OF ITERATIONS REACHED LIMIT

Increase the number of iterations to improve the convergence (max_iter=200).
You might also want to scale the data as shown in:
    https://scikit-learn.org/stable/modules/preprocessing.html
Please also refer to the documentation for alternative solver options:
    https://scikit-learn.org/stable/modules/linear_model.html#logistic-regression
  n_iter_i = _check_optimize_result(
/home/reuellee_gmail_com/.local/lib/python3.11/site-packages/sklearn/linear_model/_logistic.py:599: ConvergenceWarning: lbfgs failed to converge after 200 iteration(s) (status=1):
STOP: TOTAL NO. OF ITERATIONS REACHED LIMIT

Increase the number of iterations to improve the convergence (max_iter=200).
You might also want to scale the data as shown in:
    https://scikit-learn.org/stable/modules/preprocessing.html
Please also refer to the documentation for alternative solver options:
    https://scikit-learn.org/stable/modules/linear_model.html#logistic-regression
  n_iter_i = _check_optimize_result(
/home/reuellee_gmail_com/.local/lib/python3.11/site-packages/sklearn/linear_model/_logistic.py:599: ConvergenceWarning: lbfgs failed to converge after 200 iteration(s) (status=1):
STOP: TOTAL NO. OF ITERATIONS REACHED LIMIT

Increase the number of iterations to improve the convergence (max_iter=200).
You might also want to scale the data as shown in:
    https://scikit-learn.org/stable/modules/preprocessing.html
Please also refer to the documentation for alternative solver options:
    https://scikit-learn.org/stable/modules/linear_model.html#logistic-regression
  n_iter_i = _check_optimize_result(
/home/reuellee_gmail_com/.local/lib/python3.11/site-packages/sklearn/linear_model/_logistic.py:599: ConvergenceWarning: lbfgs failed to converge after 200 iteration(s) (status=1):
STOP: TOTAL NO. OF ITERATIONS REACHED LIMIT

Increase the number of iterations to improve the convergence (max_iter=200).
You might also want to scale the data as shown in:
    https://scikit-learn.org/stable/modules/preprocessing.html
Please also refer to the documentation for alternative solver options:
    https://scikit-learn.org/stable/modules/linear_model.html#logistic-regression
  n_iter_i = _check_optimize_result(
/home/reuellee_gmail_com/.local/lib/python3.11/site-packages/sklearn/linear_model/_logistic.py:599: ConvergenceWarning: lbfgs failed to converge after 200 iteration(s) (status=1):
STOP: TOTAL NO. OF ITERATIONS REACHED LIMIT

Increase the number of iterations to improve the convergence (max_iter=200).
You might also want to scale the data as shown in:
    https://scikit-learn.org/stable/modules/preprocessing.html
Please also refer to the documentation for alternative solver options:
    https://scikit-learn.org/stable/modules/linear_model.html#logistic-regression
  n_iter_i = _check_optimize_result(
  probe t: n=1112
/home/reuellee_gmail_com/.local/lib/python3.11/site-packages/sklearn/linear_model/_logistic.py:599: ConvergenceWarning: lbfgs failed to converge after 200 iteration(s) (status=1):
STOP: TOTAL NO. OF ITERATIONS REACHED LIMIT

Increase the number of iterations to improve the convergence (max_iter=200).
You might also want to scale the data as shown in:
    https://scikit-learn.org/stable/modules/preprocessing.html
Please also refer to the documentation for alternative solver options:
    https://scikit-learn.org/stable/modules/linear_model.html#logistic-regression
  n_iter_i = _check_optimize_result(
/home/reuellee_gmail_com/.local/lib/python3.11/site-packages/sklearn/linear_model/_logistic.py:599: ConvergenceWarning: lbfgs failed to converge after 200 iteration(s) (status=1):
STOP: TOTAL NO. OF ITERATIONS REACHED LIMIT

Increase the number of iterations to improve the convergence (max_iter=200).
You might also want to scale the data as shown in:
    https://scikit-learn.org/stable/modules/preprocessing.html
Please also refer to the documentation for alternative solver options:
    https://scikit-learn.org/stable/modules/linear_model.html#logistic-regression
  n_iter_i = _check_optimize_result(
/home/reuellee_gmail_com/.local/lib/python3.11/site-packages/sklearn/linear_model/_logistic.py:599: ConvergenceWarning: lbfgs failed to converge after 200 iteration(s) (status=1):
STOP: TOTAL NO. OF ITERATIONS REACHED LIMIT

Increase the number of iterations to improve the convergence (max_iter=200).
You might also want to scale the data as shown in:
    https://scikit-learn.org/stable/modules/preprocessing.html
Please also refer to the documentation for alternative solver options:
    https://scikit-learn.org/stable/modules/linear_model.html#logistic-regression
  n_iter_i = _check_optimize_result(
/home/reuellee_gmail_com/.local/lib/python3.11/site-packages/sklearn/linear_model/_logistic.py:599: ConvergenceWarning: lbfgs failed to converge after 200 iteration(s) (status=1):
STOP: TOTAL NO. OF ITERATIONS REACHED LIMIT

Increase the number of iterations to improve the convergence (max_iter=200).
You might also want to scale the data as shown in:
    https://scikit-learn.org/stable/modules/preprocessing.html
Please also refer to the documentation for alternative solver options:
    https://scikit-learn.org/stable/modules/linear_model.html#logistic-regression
  n_iter_i = _check_optimize_result(
/home/reuellee_gmail_com/.local/lib/python3.11/site-packages/sklearn/linear_model/_logistic.py:599: ConvergenceWarning: lbfgs failed to converge after 200 iteration(s) (status=1):
STOP: TOTAL NO. OF ITERATIONS REACHED LIMIT

Increase the number of iterations to improve the convergence (max_iter=200).
You might also want to scale the data as shown in:
    https://scikit-learn.org/stable/modules/preprocessing.html
Please also refer to the documentation for alternative solver options:
    https://scikit-learn.org/stable/modules/linear_model.html#logistic-regression
  n_iter_i = _check_optimize_result(
/home/reuellee_gmail_com/.local/lib/python3.11/site-packages/sklearn/linear_model/_logistic.py:599: ConvergenceWarning: lbfgs failed to converge after 200 iteration(s) (status=1):
STOP: TOTAL NO. OF ITERATIONS REACHED LIMIT

Increase the number of iterations to improve the convergence (max_iter=200).
You might also want to scale the data as shown in:
    https://scikit-learn.org/stable/modules/preprocessing.html
Please also refer to the documentation for alternative solver options:
    https://scikit-learn.org/stable/modules/linear_model.html#logistic-regression
  n_iter_i = _check_optimize_result(
  probe u: n=931
/home/reuellee_gmail_com/.local/lib/python3.11/site-packages/sklearn/linear_model/_logistic.py:599: ConvergenceWarning: lbfgs failed to converge after 200 iteration(s) (status=1):
STOP: TOTAL NO. OF ITERATIONS REACHED LIMIT

Increase the number of iterations to improve the convergence (max_iter=200).
You might also want to scale the data as shown in:
    https://scikit-learn.org/stable/modules/preprocessing.html
Please also refer to the documentation for alternative solver options:
    https://scikit-learn.org/stable/modules/linear_model.html#logistic-regression
  n_iter_i = _check_optimize_result(
/home/reuellee_gmail_com/.local/lib/python3.11/site-packages/sklearn/linear_model/_logistic.py:599: ConvergenceWarning: lbfgs failed to converge after 200 iteration(s) (status=1):
STOP: TOTAL NO. OF ITERATIONS REACHED LIMIT

Increase the number of iterations to improve the convergence (max_iter=200).
You might also want to scale the data as shown in:
    https://scikit-learn.org/stable/modules/preprocessing.html
Please also refer to the documentation for alternative solver options:
    https://scikit-learn.org/stable/modules/linear_model.html#logistic-regression
  n_iter_i = _check_optimize_result(
/home/reuellee_gmail_com/.local/lib/python3.11/site-packages/sklearn/linear_model/_logistic.py:599: ConvergenceWarning: lbfgs failed to converge after 200 iteration(s) (status=1):
STOP: TOTAL NO. OF ITERATIONS REACHED LIMIT

Increase the number of iterations to improve the convergence (max_iter=200).
You might also want to scale the data as shown in:
    https://scikit-learn.org/stable/modules/preprocessing.html
Please also refer to the documentation for alternative solver options:
    https://scikit-learn.org/stable/modules/linear_model.html#logistic-regression
  n_iter_i = _check_optimize_result(
/home/reuellee_gmail_com/.local/lib/python3.11/site-packages/sklearn/linear_model/_logistic.py:599: ConvergenceWarning: lbfgs failed to converge after 200 iteration(s) (status=1):
STOP: TOTAL NO. OF ITERATIONS REACHED LIMIT

Increase the number of iterations to improve the convergence (max_iter=200).
You might also want to scale the data as shown in:
    https://scikit-learn.org/stable/modules/preprocessing.html
Please also refer to the documentation for alternative solver options:
    https://scikit-learn.org/stable/modules/linear_model.html#logistic-regression
  n_iter_i = _check_optimize_result(
/home/reuellee_gmail_com/.local/lib/python3.11/site-packages/sklearn/linear_model/_logistic.py:599: ConvergenceWarning: lbfgs failed to converge after 200 iteration(s) (status=1):
STOP: TOTAL NO. OF ITERATIONS REACHED LIMIT

Increase the number of iterations to improve the convergence (max_iter=200).
You might also want to scale the data as shown in:
    https://scikit-learn.org/stable/modules/preprocessing.html
Please also refer to the documentation for alternative solver options:
    https://scikit-learn.org/stable/modules/linear_model.html#logistic-regression
  n_iter_i = _check_optimize_result(
/home/reuellee_gmail_com/.local/lib/python3.11/site-packages/sklearn/linear_model/_logistic.py:599: ConvergenceWarning: lbfgs failed to converge after 200 iteration(s) (status=1):
STOP: TOTAL NO. OF ITERATIONS REACHED LIMIT

Increase the number of iterations to improve the convergence (max_iter=200).
You might also want to scale the data as shown in:
    https://scikit-learn.org/stable/modules/preprocessing.html
Please also refer to the documentation for alternative solver options:
    https://scikit-learn.org/stable/modules/linear_model.html#logistic-regression
  n_iter_i = _check_optimize_result(
  probe v: n=965
/home/reuellee_gmail_com/.local/lib/python3.11/site-packages/sklearn/linear_model/_logistic.py:599: ConvergenceWarning: lbfgs failed to converge after 200 iteration(s) (status=1):
STOP: TOTAL NO. OF ITERATIONS REACHED LIMIT

Increase the number of iterations to improve the convergence (max_iter=200).
You might also want to scale the data as shown in:
    https://scikit-learn.org/stable/modules/preprocessing.html
Please also refer to the documentation for alternative solver options:
    https://scikit-learn.org/stable/modules/linear_model.html#logistic-regression
  n_iter_i = _check_optimize_result(
/home/reuellee_gmail_com/.local/lib/python3.11/site-packages/sklearn/linear_model/_logistic.py:599: ConvergenceWarning: lbfgs failed to converge after 200 iteration(s) (status=1):
STOP: TOTAL NO. OF ITERATIONS REACHED LIMIT

Increase the number of iterations to improve the convergence (max_iter=200).
You might also want to scale the data as shown in:
    https://scikit-learn.org/stable/modules/preprocessing.html
Please also refer to the documentation for alternative solver options:
    https://scikit-learn.org/stable/modules/linear_model.html#logistic-regression
  n_iter_i = _check_optimize_result(
/home/reuellee_gmail_com/.local/lib/python3.11/site-packages/sklearn/linear_model/_logistic.py:599: ConvergenceWarning: lbfgs failed to converge after 200 iteration(s) (status=1):
STOP: TOTAL NO. OF ITERATIONS REACHED LIMIT

Increase the number of iterations to improve the convergence (max_iter=200).
You might also want to scale the data as shown in:
    https://scikit-learn.org/stable/modules/preprocessing.html
Please also refer to the documentation for alternative solver options:
    https://scikit-learn.org/stable/modules/linear_model.html#logistic-regression
  n_iter_i = _check_optimize_result(
/home/reuellee_gmail_com/.local/lib/python3.11/site-packages/sklearn/linear_model/_logistic.py:599: ConvergenceWarning: lbfgs failed to converge after 200 iteration(s) (status=1):
STOP: TOTAL NO. OF ITERATIONS REACHED LIMIT

Increase the number of iterations to improve the convergence (max_iter=200).
You might also want to scale the data as shown in:
    https://scikit-learn.org/stable/modules/preprocessing.html
Please also refer to the documentation for alternative solver options:
    https://scikit-learn.org/stable/modules/linear_model.html#logistic-regression
  n_iter_i = _check_optimize_result(
/home/reuellee_gmail_com/.local/lib/python3.11/site-packages/sklearn/linear_model/_logistic.py:599: ConvergenceWarning: lbfgs failed to converge after 200 iteration(s) (status=1):
STOP: TOTAL NO. OF ITERATIONS REACHED LIMIT

Increase the number of iterations to improve the convergence (max_iter=200).
You might also want to scale the data as shown in:
    https://scikit-learn.org/stable/modules/preprocessing.html
Please also refer to the documentation for alternative solver options:
    https://scikit-learn.org/stable/modules/linear_model.html#logistic-regression
  n_iter_i = _check_optimize_result(
  probe w: n=929
  probe x: n=44
/home/reuellee_gmail_com/.local/lib/python3.11/site-packages/sklearn/linear_model/_logistic.py:599: ConvergenceWarning: lbfgs failed to converge after 200 iteration(s) (status=1):
STOP: TOTAL NO. OF ITERATIONS REACHED LIMIT

Increase the number of iterations to improve the convergence (max_iter=200).
You might also want to scale the data as shown in:
    https://scikit-learn.org/stable/modules/preprocessing.html
Please also refer to the documentation for alternative solver options:
    https://scikit-learn.org/stable/modules/linear_model.html#logistic-regression
  n_iter_i = _check_optimize_result(
/home/reuellee_gmail_com/.local/lib/python3.11/site-packages/sklearn/linear_model/_logistic.py:599: ConvergenceWarning: lbfgs failed to converge after 200 iteration(s) (status=1):
STOP: TOTAL NO. OF ITERATIONS REACHED LIMIT

Increase the number of iterations to improve the convergence (max_iter=200).
You might also want to scale the data as shown in:
    https://scikit-learn.org/stable/modules/preprocessing.html
Please also refer to the documentation for alternative solver options:
    https://scikit-learn.org/stable/modules/linear_model.html#logistic-regression
  n_iter_i = _check_optimize_result(
/home/reuellee_gmail_com/.local/lib/python3.11/site-packages/sklearn/linear_model/_logistic.py:599: ConvergenceWarning: lbfgs failed to converge after 200 iteration(s) (status=1):
STOP: TOTAL NO. OF ITERATIONS REACHED LIMIT

Increase the number of iterations to improve the convergence (max_iter=200).
You might also want to scale the data as shown in:
    https://scikit-learn.org/stable/modules/preprocessing.html
Please also refer to the documentation for alternative solver options:
    https://scikit-learn.org/stable/modules/linear_model.html#logistic-regression
  n_iter_i = _check_optimize_result(
/home/reuellee_gmail_com/.local/lib/python3.11/site-packages/sklearn/linear_model/_logistic.py:599: ConvergenceWarning: lbfgs failed to converge after 200 iteration(s) (status=1):
STOP: TOTAL NO. OF ITERATIONS REACHED LIMIT

Increase the number of iterations to improve the convergence (max_iter=200).
You might also want to scale the data as shown in:
    https://scikit-learn.org/stable/modules/preprocessing.html
Please also refer to the documentation for alternative solver options:
    https://scikit-learn.org/stable/modules/linear_model.html#logistic-regression
  n_iter_i = _check_optimize_result(
  probe y: n=162
/home/reuellee_gmail_com/.local/lib/python3.11/site-packages/sklearn/linear_model/_logistic.py:599: ConvergenceWarning: lbfgs failed to converge after 200 iteration(s) (status=1):
STOP: TOTAL NO. OF ITERATIONS REACHED LIMIT

Increase the number of iterations to improve the convergence (max_iter=200).
You might also want to scale the data as shown in:
    https://scikit-learn.org/stable/modules/preprocessing.html
Please also refer to the documentation for alternative solver options:
    https://scikit-learn.org/stable/modules/linear_model.html#logistic-regression
  n_iter_i = _check_optimize_result(
/home/reuellee_gmail_com/.local/lib/python3.11/site-packages/sklearn/linear_model/_logistic.py:599: ConvergenceWarning: lbfgs failed to converge after 200 iteration(s) (status=1):
STOP: TOTAL NO. OF ITERATIONS REACHED LIMIT

Increase the number of iterations to improve the convergence (max_iter=200).
You might also want to scale the data as shown in:
    https://scikit-learn.org/stable/modules/preprocessing.html
Please also refer to the documentation for alternative solver options:
    https://scikit-learn.org/stable/modules/linear_model.html#logistic-regression
  n_iter_i = _check_optimize_result(
/home/reuellee_gmail_com/.local/lib/python3.11/site-packages/sklearn/linear_model/_logistic.py:599: ConvergenceWarning: lbfgs failed to converge after 200 iteration(s) (status=1):
STOP: TOTAL NO. OF ITERATIONS REACHED LIMIT

Increase the number of iterations to improve the convergence (max_iter=200).
You might also want to scale the data as shown in:
    https://scikit-learn.org/stable/modules/preprocessing.html
Please also refer to the documentation for alternative solver options:
    https://scikit-learn.org/stable/modules/linear_model.html#logistic-regression
  n_iter_i = _check_optimize_result(
/home/reuellee_gmail_com/.local/lib/python3.11/site-packages/sklearn/linear_model/_logistic.py:599: ConvergenceWarning: lbfgs failed to converge after 200 iteration(s) (status=1):
STOP: TOTAL NO. OF ITERATIONS REACHED LIMIT

Increase the number of iterations to improve the convergence (max_iter=200).
You might also want to scale the data as shown in:
    https://scikit-learn.org/stable/modules/preprocessing.html
Please also refer to the documentation for alternative solver options:
    https://scikit-learn.org/stable/modules/linear_model.html#logistic-regression
  n_iter_i = _check_optimize_result(
/home/reuellee_gmail_com/.local/lib/python3.11/site-packages/sklearn/linear_model/_logistic.py:599: ConvergenceWarning: lbfgs failed to converge after 200 iteration(s) (status=1):
STOP: TOTAL NO. OF ITERATIONS REACHED LIMIT

Increase the number of iterations to improve the convergence (max_iter=200).
You might also want to scale the data as shown in:
    https://scikit-learn.org/stable/modules/preprocessing.html
Please also refer to the documentation for alternative solver options:
    https://scikit-learn.org/stable/modules/linear_model.html#logistic-regression
  n_iter_i = _check_optimize_result(
  probe z: n=311
scoring /home/reuellee_gmail_com/r15/sae/layer_17_width_16k_l0_medium/ (layer 17 activations)
  encoder variant=raw (batch L0 raw=44.4 centered=1501.7 cfg=60)
  layer_17_width_16k_l0_medium: single=0.0466 family=0.0406 L0=52.7/cfg60 fvu=0.291
layer 22: words=(24000, 1152) letters=26; fitting SAE-independent probes...
/home/reuellee_gmail_com/.local/lib/python3.11/site-packages/sklearn/linear_model/_logistic.py:599: ConvergenceWarning: lbfgs failed to converge after 200 iteration(s) (status=1):
STOP: TOTAL NO. OF ITERATIONS REACHED LIMIT

Increase the number of iterations to improve the convergence (max_iter=200).
You might also want to scale the data as shown in:
    https://scikit-learn.org/stable/modules/preprocessing.html
Please also refer to the documentation for alternative solver options:
    https://scikit-learn.org/stable/modules/linear_model.html#logistic-regression
  n_iter_i = _check_optimize_result(
/home/reuellee_gmail_com/.local/lib/python3.11/site-packages/sklearn/linear_model/_logistic.py:599: ConvergenceWarning: lbfgs failed to converge after 200 iteration(s) (status=1):
STOP: TOTAL NO. OF ITERATIONS REACHED LIMIT

Increase the number of iterations to improve the convergence (max_iter=200).
You might also want to scale the data as shown in:
    https://scikit-learn.org/stable/modules/preprocessing.html
Please also refer to the documentation for alternative solver options:
    https://scikit-learn.org/stable/modules/linear_model.html#logistic-regression
  n_iter_i = _check_optimize_result(
/home/reuellee_gmail_com/.local/lib/python3.11/site-packages/sklearn/linear_model/_logistic.py:599: ConvergenceWarning: lbfgs failed to converge after 200 iteration(s) (status=1):
STOP: TOTAL NO. OF ITERATIONS REACHED LIMIT

Increase the number of iterations to improve the convergence (max_iter=200).
You might also want to scale the data as shown in:
    https://scikit-learn.org/stable/modules/preprocessing.html
Please also refer to the documentation for alternative solver options:
    https://scikit-learn.org/stable/modules/linear_model.html#logistic-regression
  n_iter_i = _check_optimize_result(
/home/reuellee_gmail_com/.local/lib/python3.11/site-packages/sklearn/linear_model/_logistic.py:599: ConvergenceWarning: lbfgs failed to converge after 200 iteration(s) (status=1):
STOP: TOTAL NO. OF ITERATIONS REACHED LIMIT

Increase the number of iterations to improve the convergence (max_iter=200).
You might also want to scale the data as shown in:
    https://scikit-learn.org/stable/modules/preprocessing.html
Please also refer to the documentation for alternative solver options:
    https://scikit-learn.org/stable/modules/linear_model.html#logistic-regression
  n_iter_i = _check_optimize_result(
/home/reuellee_gmail_com/.local/lib/python3.11/site-packages/sklearn/linear_model/_logistic.py:599: ConvergenceWarning: lbfgs failed to converge after 200 iteration(s) (status=1):
STOP: TOTAL NO. OF ITERATIONS REACHED LIMIT

Increase the number of iterations to improve the convergence (max_iter=200).
You might also want to scale the data as shown in:
    https://scikit-learn.org/stable/modules/preprocessing.html
Please also refer to the documentation for alternative solver options:
    https://scikit-learn.org/stable/modules/linear_model.html#logistic-regression
  n_iter_i = _check_optimize_result(
/home/reuellee_gmail_com/.local/lib/python3.11/site-packages/sklearn/linear_model/_logistic.py:599: ConvergenceWarning: lbfgs failed to converge after 200 iteration(s) (status=1):
STOP: TOTAL NO. OF ITERATIONS REACHED LIMIT

Increase the number of iterations to improve the convergence (max_iter=200).
You might also want to scale the data as shown in:
    https://scikit-learn.org/stable/modules/preprocessing.html
Please also refer to the documentation for alternative solver options:
    https://scikit-learn.org/stable/modules/linear_model.html#logistic-regression
  n_iter_i = _check_optimize_result(
  probe a: n=1243
/home/reuellee_gmail_com/.local/lib/python3.11/site-packages/sklearn/linear_model/_logistic.py:599: ConvergenceWarning: lbfgs failed to converge after 200 iteration(s) (status=1):
STOP: TOTAL NO. OF ITERATIONS REACHED LIMIT

Increase the number of iterations to improve the convergence (max_iter=200).
You might also want to scale the data as shown in:
    https://scikit-learn.org/stable/modules/preprocessing.html
Please also refer to the documentation for alternative solver options:
    https://scikit-learn.org/stable/modules/linear_model.html#logistic-regression
  n_iter_i = _check_optimize_result(
/home/reuellee_gmail_com/.local/lib/python3.11/site-packages/sklearn/linear_model/_logistic.py:599: ConvergenceWarning: lbfgs failed to converge after 200 iteration(s) (status=1):
STOP: TOTAL NO. OF ITERATIONS REACHED LIMIT

Increase the number of iterations to improve the convergence (max_iter=200).
You might also want to scale the data as shown in:
    https://scikit-learn.org/stable/modules/preprocessing.html
Please also refer to the documentation for alternative solver options:
    https://scikit-learn.org/stable/modules/linear_model.html#logistic-regression
  n_iter_i = _check_optimize_result(
/home/reuellee_gmail_com/.local/lib/python3.11/site-packages/sklearn/linear_model/_logistic.py:599: ConvergenceWarning: lbfgs failed to converge after 200 iteration(s) (status=1):
STOP: TOTAL NO. OF ITERATIONS REACHED LIMIT

Increase the number of iterations to improve the convergence (max_iter=200).
You might also want to scale the data as shown in:
    https://scikit-learn.org/stable/modules/preprocessing.html
Please also refer to the documentation for alternative solver options:
    https://scikit-learn.org/stable/modules/linear_model.html#logistic-regression
  n_iter_i = _check_optimize_result(
/home/reuellee_gmail_com/.local/lib/python3.11/site-packages/sklearn/linear_model/_logistic.py:599: ConvergenceWarning: lbfgs failed to converge after 200 iteration(s) (status=1):
STOP: TOTAL NO. OF ITERATIONS REACHED LIMIT

Increase the number of iterations to improve the convergence (max_iter=200).
You might also want to scale the data as shown in:
    https://scikit-learn.org/stable/modules/preprocessing.html
Please also refer to the documentation for alternative solver options:
    https://scikit-learn.org/stable/modules/linear_model.html#logistic-regression
  n_iter_i = _check_optimize_result(
/home/reuellee_gmail_com/.local/lib/python3.11/site-packages/sklearn/linear_model/_logistic.py:599: ConvergenceWarning: lbfgs failed to converge after 200 iteration(s) (status=1):
STOP: TOTAL NO. OF ITERATIONS REACHED LIMIT

Increase the number of iterations to improve the convergence (max_iter=200).
You might also want to scale the data as shown in:
    https://scikit-learn.org/stable/modules/preprocessing.html
Please also refer to the documentation for alternative solver options:
    https://scikit-learn.org/stable/modules/linear_model.html#logistic-regression
  n_iter_i = _check_optimize_result(
/home/reuellee_gmail_com/.local/lib/python3.11/site-packages/sklearn/linear_model/_logistic.py:599: ConvergenceWarning: lbfgs failed to converge after 200 iteration(s) (status=1):
STOP: TOTAL NO. OF ITERATIONS REACHED LIMIT

Increase the number of iterations to improve the convergence (max_iter=200).
You might also want to scale the data as shown in:
    https://scikit-learn.org/stable/modules/preprocessing.html
Please also refer to the documentation for alternative solver options:
    https://scikit-learn.org/stable/modules/linear_model.html#logistic-regression
  n_iter_i = _check_optimize_result(
  probe b: n=1079
/home/reuellee_gmail_com/.local/lib/python3.11/site-packages/sklearn/linear_model/_logistic.py:599: ConvergenceWarning: lbfgs failed to converge after 200 iteration(s) (status=1):
STOP: TOTAL NO. OF ITERATIONS REACHED LIMIT

Increase the number of iterations to improve the convergence (max_iter=200).
You might also want to scale the data as shown in:
    https://scikit-learn.org/stable/modules/preprocessing.html
Please also refer to the documentation for alternative solver options:
    https://scikit-learn.org/stable/modules/linear_model.html#logistic-regression
  n_iter_i = _check_optimize_result(
/home/reuellee_gmail_com/.local/lib/python3.11/site-packages/sklearn/linear_model/_logistic.py:599: ConvergenceWarning: lbfgs failed to converge after 200 iteration(s) (status=1):
STOP: TOTAL NO. OF ITERATIONS REACHED LIMIT

Increase the number of iterations to improve the convergence (max_iter=200).
You might also want to scale the data as shown in:
    https://scikit-learn.org/stable/modules/preprocessing.html
Please also refer to the documentation for alternative solver options:
    https://scikit-learn.org/stable/modules/linear_model.html#logistic-regression
  n_iter_i = _check_optimize_result(
/home/reuellee_gmail_com/.local/lib/python3.11/site-packages/sklearn/linear_model/_logistic.py:599: ConvergenceWarning: lbfgs failed to converge after 200 iteration(s) (status=1):
STOP: TOTAL NO. OF ITERATIONS REACHED LIMIT

Increase the number of iterations to improve the convergence (max_iter=200).
You might also want to scale the data as shown in:
    https://scikit-learn.org/stable/modules/preprocessing.html
Please also refer to the documentation for alternative solver options:
    https://scikit-learn.org/stable/modules/linear_model.html#logistic-regression
  n_iter_i = _check_optimize_result(
/home/reuellee_gmail_com/.local/lib/python3.11/site-packages/sklearn/linear_model/_logistic.py:599: ConvergenceWarning: lbfgs failed to converge after 200 iteration(s) (status=1):
STOP: TOTAL NO. OF ITERATIONS REACHED LIMIT

Increase the number of iterations to improve the convergence (max_iter=200).
You might also want to scale the data as shown in:
    https://scikit-learn.org/stable/modules/preprocessing.html
Please also refer to the documentation for alternative solver options:
    https://scikit-learn.org/stable/modules/linear_model.html#logistic-regression
  n_iter_i = _check_optimize_result(
/home/reuellee_gmail_com/.local/lib/python3.11/site-packages/sklearn/linear_model/_logistic.py:599: ConvergenceWarning: lbfgs failed to converge after 200 iteration(s) (status=1):
STOP: TOTAL NO. OF ITERATIONS REACHED LIMIT

Increase the number of iterations to improve the convergence (max_iter=200).
You might also want to scale the data as shown in:
    https://scikit-learn.org/stable/modules/preprocessing.html
Please also refer to the documentation for alternative solver options:
    https://scikit-learn.org/stable/modules/linear_model.html#logistic-regression
  n_iter_i = _check_optimize_result(
/home/reuellee_gmail_com/.local/lib/python3.11/site-packages/sklearn/linear_model/_logistic.py:599: ConvergenceWarning: lbfgs failed to converge after 200 iteration(s) (status=1):
STOP: TOTAL NO. OF ITERATIONS REACHED LIMIT

Increase the number of iterations to improve the convergence (max_iter=200).
You might also want to scale the data as shown in:
    https://scikit-learn.org/stable/modules/preprocessing.html
Please also refer to the documentation for alternative solver options:
    https://scikit-learn.org/stable/modules/linear_model.html#logistic-regression
  n_iter_i = _check_optimize_result(
  probe c: n=1348
/home/reuellee_gmail_com/.local/lib/python3.11/site-packages/sklearn/linear_model/_logistic.py:599: ConvergenceWarning: lbfgs failed to converge after 200 iteration(s) (status=1):
STOP: TOTAL NO. OF ITERATIONS REACHED LIMIT

Increase the number of iterations to improve the convergence (max_iter=200).
You might also want to scale the data as shown in:
    https://scikit-learn.org/stable/modules/preprocessing.html
Please also refer to the documentation for alternative solver options:
    https://scikit-learn.org/stable/modules/linear_model.html#logistic-regression
  n_iter_i = _check_optimize_result(
/home/reuellee_gmail_com/.local/lib/python3.11/site-packages/sklearn/linear_model/_logistic.py:599: ConvergenceWarning: lbfgs failed to converge after 200 iteration(s) (status=1):
STOP: TOTAL NO. OF ITERATIONS REACHED LIMIT

Increase the number of iterations to improve the convergence (max_iter=200).
You might also want to scale the data as shown in:
    https://scikit-learn.org/stable/modules/preprocessing.html
Please also refer to the documentation for alternative solver options:
    https://scikit-learn.org/stable/modules/linear_model.html#logistic-regression
  n_iter_i = _check_optimize_result(
/home/reuellee_gmail_com/.local/lib/python3.11/site-packages/sklearn/linear_model/_logistic.py:599: ConvergenceWarning: lbfgs failed to converge after 200 iteration(s) (status=1):
STOP: TOTAL NO. OF ITERATIONS REACHED LIMIT

Increase the number of iterations to improve the convergence (max_iter=200).
You might also want to scale the data as shown in:
    https://scikit-learn.org/stable/modules/preprocessing.html
Please also refer to the documentation for alternative solver options:
    https://scikit-learn.org/stable/modules/linear_model.html#logistic-regression
  n_iter_i = _check_optimize_result(
/home/reuellee_gmail_com/.local/lib/python3.11/site-packages/sklearn/linear_model/_logistic.py:599: ConvergenceWarning: lbfgs failed to converge after 200 iteration(s) (status=1):
STOP: TOTAL NO. OF ITERATIONS REACHED LIMIT

Increase the number of iterations to improve the convergence (max_iter=200).
You might also want to scale the data as shown in:
    https://scikit-learn.org/stable/modules/preprocessing.html
Please also refer to the documentation for alternative solver options:
    https://scikit-learn.org/stable/modules/linear_model.html#logistic-regression
  n_iter_i = _check_optimize_result(
/home/reuellee_gmail_com/.local/lib/python3.11/site-packages/sklearn/linear_model/_logistic.py:599: ConvergenceWarning: lbfgs failed to converge after 200 iteration(s) (status=1):
STOP: TOTAL NO. OF ITERATIONS REACHED LIMIT

Increase the number of iterations to improve the convergence (max_iter=200).
You might also want to scale the data as shown in:
    https://scikit-learn.org/stable/modules/preprocessing.html
Please also refer to the documentation for alternative solver options:
    https://scikit-learn.org/stable/modules/linear_model.html#logistic-regression
  n_iter_i = _check_optimize_result(
/home/reuellee_gmail_com/.local/lib/python3.11/site-packages/sklearn/linear_model/_logistic.py:599: ConvergenceWarning: lbfgs failed to converge after 200 iteration(s) (status=1):
STOP: TOTAL NO. OF ITERATIONS REACHED LIMIT

Increase the number of iterations to improve the convergence (max_iter=200).
You might also want to scale the data as shown in:
    https://scikit-learn.org/stable/modules/preprocessing.html
Please also refer to the documentation for alternative solver options:
    https://scikit-learn.org/stable/modules/linear_model.html#logistic-regression
  n_iter_i = _check_optimize_result(
  probe d: n=1181
/home/reuellee_gmail_com/.local/lib/python3.11/site-packages/sklearn/linear_model/_logistic.py:599: ConvergenceWarning: lbfgs failed to converge after 200 iteration(s) (status=1):
STOP: TOTAL NO. OF ITERATIONS REACHED LIMIT

Increase the number of iterations to improve the convergence (max_iter=200).
You might also want to scale the data as shown in:
    https://scikit-learn.org/stable/modules/preprocessing.html
Please also refer to the documentation for alternative solver options:
    https://scikit-learn.org/stable/modules/linear_model.html#logistic-regression
  n_iter_i = _check_optimize_result(
/home/reuellee_gmail_com/.local/lib/python3.11/site-packages/sklearn/linear_model/_logistic.py:599: ConvergenceWarning: lbfgs failed to converge after 200 iteration(s) (status=1):
STOP: TOTAL NO. OF ITERATIONS REACHED LIMIT

Increase the number of iterations to improve the convergence (max_iter=200).
You might also want to scale the data as shown in:
    https://scikit-learn.org/stable/modules/preprocessing.html
Please also refer to the documentation for alternative solver options:
    https://scikit-learn.org/stable/modules/linear_model.html#logistic-regression
  n_iter_i = _check_optimize_result(
/home/reuellee_gmail_com/.local/lib/python3.11/site-packages/sklearn/linear_model/_logistic.py:599: ConvergenceWarning: lbfgs failed to converge after 200 iteration(s) (status=1):
STOP: TOTAL NO. OF ITERATIONS REACHED LIMIT

Increase the number of iterations to improve the convergence (max_iter=200).
You might also want to scale the data as shown in:
    https://scikit-learn.org/stable/modules/preprocessing.html
Please also refer to the documentation for alternative solver options:
    https://scikit-learn.org/stable/modules/linear_model.html#logistic-regression
  n_iter_i = _check_optimize_result(
/home/reuellee_gmail_com/.local/lib/python3.11/site-packages/sklearn/linear_model/_logistic.py:599: ConvergenceWarning: lbfgs failed to converge after 200 iteration(s) (status=1):
STOP: TOTAL NO. OF ITERATIONS REACHED LIMIT

Increase the number of iterations to improve the convergence (max_iter=200).
You might also want to scale the data as shown in:
    https://scikit-learn.org/stable/modules/preprocessing.html
Please also refer to the documentation for alternative solver options:
    https://scikit-learn.org/stable/modules/linear_model.html#logistic-regression
  n_iter_i = _check_optimize_result(
/home/reuellee_gmail_com/.local/lib/python3.11/site-packages/sklearn/linear_model/_logistic.py:599: ConvergenceWarning: lbfgs failed to converge after 200 iteration(s) (status=1):
STOP: TOTAL NO. OF ITERATIONS REACHED LIMIT

Increase the number of iterations to improve the convergence (max_iter=200).
You might also want to scale the data as shown in:
    https://scikit-learn.org/stable/modules/preprocessing.html
Please also refer to the documentation for alternative solver options:
    https://scikit-learn.org/stable/modules/linear_model.html#logistic-regression
  n_iter_i = _check_optimize_result(
/home/reuellee_gmail_com/.local/lib/python3.11/site-packages/sklearn/linear_model/_logistic.py:599: ConvergenceWarning: lbfgs failed to converge after 200 iteration(s) (status=1):
STOP: TOTAL NO. OF ITERATIONS REACHED LIMIT

Increase the number of iterations to improve the convergence (max_iter=200).
You might also want to scale the data as shown in:
    https://scikit-learn.org/stable/modules/preprocessing.html
Please also refer to the documentation for alternative solver options:
    https://scikit-learn.org/stable/modules/linear_model.html#logistic-regression
  n_iter_i = _check_optimize_result(
  probe e: n=1092
/home/reuellee_gmail_com/.local/lib/python3.11/site-packages/sklearn/linear_model/_logistic.py:599: ConvergenceWarning: lbfgs failed to converge after 200 iteration(s) (status=1):
STOP: TOTAL NO. OF ITERATIONS REACHED LIMIT

Increase the number of iterations to improve the convergence (max_iter=200).
You might also want to scale the data as shown in:
    https://scikit-learn.org/stable/modules/preprocessing.html
Please also refer to the documentation for alternative solver options:
    https://scikit-learn.org/stable/modules/linear_model.html#logistic-regression
  n_iter_i = _check_optimize_result(
/home/reuellee_gmail_com/.local/lib/python3.11/site-packages/sklearn/linear_model/_logistic.py:599: ConvergenceWarning: lbfgs failed to converge after 200 iteration(s) (status=1):
STOP: TOTAL NO. OF ITERATIONS REACHED LIMIT

Increase the number of iterations to improve the convergence (max_iter=200).
You might also want to scale the data as shown in:
    https://scikit-learn.org/stable/modules/preprocessing.html
Please also refer to the documentation for alternative solver options:
    https://scikit-learn.org/stable/modules/linear_model.html#logistic-regression
  n_iter_i = _check_optimize_result(
/home/reuellee_gmail_com/.local/lib/python3.11/site-packages/sklearn/linear_model/_logistic.py:599: ConvergenceWarning: lbfgs failed to converge after 200 iteration(s) (status=1):
STOP: TOTAL NO. OF ITERATIONS REACHED LIMIT

Increase the number of iterations to improve the convergence (max_iter=200).
You might also want to scale the data as shown in:
    https://scikit-learn.org/stable/modules/preprocessing.html
Please also refer to the documentation for alternative solver options:
    https://scikit-learn.org/stable/modules/linear_model.html#logistic-regression
  n_iter_i = _check_optimize_result(
/home/reuellee_gmail_com/.local/lib/python3.11/site-packages/sklearn/linear_model/_logistic.py:599: ConvergenceWarning: lbfgs failed to converge after 200 iteration(s) (status=1):
STOP: TOTAL NO. OF ITERATIONS REACHED LIMIT

Increase the number of iterations to improve the convergence (max_iter=200).
You might also want to scale the data as shown in:
    https://scikit-learn.org/stable/modules/preprocessing.html
Please also refer to the documentation for alternative solver options:
    https://scikit-learn.org/stable/modules/linear_model.html#logistic-regression
  n_iter_i = _check_optimize_result(
/home/reuellee_gmail_com/.local/lib/python3.11/site-packages/sklearn/linear_model/_logistic.py:599: ConvergenceWarning: lbfgs failed to converge after 200 iteration(s) (status=1):
STOP: TOTAL NO. OF ITERATIONS REACHED LIMIT

Increase the number of iterations to improve the convergence (max_iter=200).
You might also want to scale the data as shown in:
    https://scikit-learn.org/stable/modules/preprocessing.html
Please also refer to the documentation for alternative solver options:
    https://scikit-learn.org/stable/modules/linear_model.html#logistic-regression
  n_iter_i = _check_optimize_result(
/home/reuellee_gmail_com/.local/lib/python3.11/site-packages/sklearn/linear_model/_logistic.py:599: ConvergenceWarning: lbfgs failed to converge after 200 iteration(s) (status=1):
STOP: TOTAL NO. OF ITERATIONS REACHED LIMIT

Increase the number of iterations to improve the convergence (max_iter=200).
You might also want to scale the data as shown in:
    https://scikit-learn.org/stable/modules/preprocessing.html
Please also refer to the documentation for alternative solver options:
    https://scikit-learn.org/stable/modules/linear_model.html#logistic-regression
  n_iter_i = _check_optimize_result(
  probe f: n=1046
/home/reuellee_gmail_com/.local/lib/python3.11/site-packages/sklearn/linear_model/_logistic.py:599: ConvergenceWarning: lbfgs failed to converge after 200 iteration(s) (status=1):
STOP: TOTAL NO. OF ITERATIONS REACHED LIMIT

Increase the number of iterations to improve the convergence (max_iter=200).
You might also want to scale the data as shown in:
    https://scikit-learn.org/stable/modules/preprocessing.html
Please also refer to the documentation for alternative solver options:
    https://scikit-learn.org/stable/modules/linear_model.html#logistic-regression
  n_iter_i = _check_optimize_result(
/home/reuellee_gmail_com/.local/lib/python3.11/site-packages/sklearn/linear_model/_logistic.py:599: ConvergenceWarning: lbfgs failed to converge after 200 iteration(s) (status=1):
STOP: TOTAL NO. OF ITERATIONS REACHED LIMIT

Increase the number of iterations to improve the convergence (max_iter=200).
You might also want to scale the data as shown in:
    https://scikit-learn.org/stable/modules/preprocessing.html
Please also refer to the documentation for alternative solver options:
    https://scikit-learn.org/stable/modules/linear_model.html#logistic-regression
  n_iter_i = _check_optimize_result(
/home/reuellee_gmail_com/.local/lib/python3.11/site-packages/sklearn/linear_model/_logistic.py:599: ConvergenceWarning: lbfgs failed to converge after 200 iteration(s) (status=1):
STOP: TOTAL NO. OF ITERATIONS REACHED LIMIT

Increase the number of iterations to improve the convergence (max_iter=200).
You might also want to scale the data as shown in:
    https://scikit-learn.org/stable/modules/preprocessing.html
Please also refer to the documentation for alternative solver options:
    https://scikit-learn.org/stable/modules/linear_model.html#logistic-regression
  n_iter_i = _check_optimize_result(
/home/reuellee_gmail_com/.local/lib/python3.11/site-packages/sklearn/linear_model/_logistic.py:599: ConvergenceWarning: lbfgs failed to converge after 200 iteration(s) (status=1):
STOP: TOTAL NO. OF ITERATIONS REACHED LIMIT

Increase the number of iterations to improve the convergence (max_iter=200).
You might also want to scale the data as shown in:
    https://scikit-learn.org/stable/modules/preprocessing.html
Please also refer to the documentation for alternative solver options:
    https://scikit-learn.org/stable/modules/linear_model.html#logistic-regression
  n_iter_i = _check_optimize_result(
/home/reuellee_gmail_com/.local/lib/python3.11/site-packages/sklearn/linear_model/_logistic.py:599: ConvergenceWarning: lbfgs failed to converge after 200 iteration(s) (status=1):
STOP: TOTAL NO. OF ITERATIONS REACHED LIMIT

Increase the number of iterations to improve the convergence (max_iter=200).
You might also want to scale the data as shown in:
    https://scikit-learn.org/stable/modules/preprocessing.html
Please also refer to the documentation for alternative solver options:
    https://scikit-learn.org/stable/modules/linear_model.html#logistic-regression
  n_iter_i = _check_optimize_result(
/home/reuellee_gmail_com/.local/lib/python3.11/site-packages/sklearn/linear_model/_logistic.py:599: ConvergenceWarning: lbfgs failed to converge after 200 iteration(s) (status=1):
STOP: TOTAL NO. OF ITERATIONS REACHED LIMIT

Increase the number of iterations to improve the convergence (max_iter=200).
You might also want to scale the data as shown in:
    https://scikit-learn.org/stable/modules/preprocessing.html
Please also refer to the documentation for alternative solver options:
    https://scikit-learn.org/stable/modules/linear_model.html#logistic-regression
  n_iter_i = _check_optimize_result(
  probe g: n=979
/home/reuellee_gmail_com/.local/lib/python3.11/site-packages/sklearn/linear_model/_logistic.py:599: ConvergenceWarning: lbfgs failed to converge after 200 iteration(s) (status=1):
STOP: TOTAL NO. OF ITERATIONS REACHED LIMIT

Increase the number of iterations to improve the convergence (max_iter=200).
You might also want to scale the data as shown in:
    https://scikit-learn.org/stable/modules/preprocessing.html
Please also refer to the documentation for alternative solver options:
    https://scikit-learn.org/stable/modules/linear_model.html#logistic-regression
  n_iter_i = _check_optimize_result(
/home/reuellee_gmail_com/.local/lib/python3.11/site-packages/sklearn/linear_model/_logistic.py:599: ConvergenceWarning: lbfgs failed to converge after 200 iteration(s) (status=1):
STOP: TOTAL NO. OF ITERATIONS REACHED LIMIT

Increase the number of iterations to improve the convergence (max_iter=200).
You might also want to scale the data as shown in:
    https://scikit-learn.org/stable/modules/preprocessing.html
Please also refer to the documentation for alternative solver options:
    https://scikit-learn.org/stable/modules/linear_model.html#logistic-regression
  n_iter_i = _check_optimize_result(
/home/reuellee_gmail_com/.local/lib/python3.11/site-packages/sklearn/linear_model/_logistic.py:599: ConvergenceWarning: lbfgs failed to converge after 200 iteration(s) (status=1):
STOP: TOTAL NO. OF ITERATIONS REACHED LIMIT

Increase the number of iterations to improve the convergence (max_iter=200).
You might also want to scale the data as shown in:
    https://scikit-learn.org/stable/modules/preprocessing.html
Please also refer to the documentation for alternative solver options:
    https://scikit-learn.org/stable/modules/linear_model.html#logistic-regression
  n_iter_i = _check_optimize_result(
/home/reuellee_gmail_com/.local/lib/python3.11/site-packages/sklearn/linear_model/_logistic.py:599: ConvergenceWarning: lbfgs failed to converge after 200 iteration(s) (status=1):
STOP: TOTAL NO. OF ITERATIONS REACHED LIMIT

Increase the number of iterations to improve the convergence (max_iter=200).
You might also want to scale the data as shown in:
    https://scikit-learn.org/stable/modules/preprocessing.html
Please also refer to the documentation for alternative solver options:
    https://scikit-learn.org/stable/modules/linear_model.html#logistic-regression
  n_iter_i = _check_optimize_result(
/home/reuellee_gmail_com/.local/lib/python3.11/site-packages/sklearn/linear_model/_logistic.py:599: ConvergenceWarning: lbfgs failed to converge after 200 iteration(s) (status=1):
STOP: TOTAL NO. OF ITERATIONS REACHED LIMIT

Increase the number of iterations to improve the convergence (max_iter=200).
You might also want to scale the data as shown in:
    https://scikit-learn.org/stable/modules/preprocessing.html
Please also refer to the documentation for alternative solver options:
    https://scikit-learn.org/stable/modules/linear_model.html#logistic-regression
  n_iter_i = _check_optimize_result(
/home/reuellee_gmail_com/.local/lib/python3.11/site-packages/sklearn/linear_model/_logistic.py:599: ConvergenceWarning: lbfgs failed to converge after 200 iteration(s) (status=1):
STOP: TOTAL NO. OF ITERATIONS REACHED LIMIT

Increase the number of iterations to improve the convergence (max_iter=200).
You might also want to scale the data as shown in:
    https://scikit-learn.org/stable/modules/preprocessing.html
Please also refer to the documentation for alternative solver options:
    https://scikit-learn.org/stable/modules/linear_model.html#logistic-regression
  n_iter_i = _check_optimize_result(
  probe h: n=985
/home/reuellee_gmail_com/.local/lib/python3.11/site-packages/sklearn/linear_model/_logistic.py:599: ConvergenceWarning: lbfgs failed to converge after 200 iteration(s) (status=1):
STOP: TOTAL NO. OF ITERATIONS REACHED LIMIT

Increase the number of iterations to improve the convergence (max_iter=200).
You might also want to scale the data as shown in:
    https://scikit-learn.org/stable/modules/preprocessing.html
Please also refer to the documentation for alternative solver options:
    https://scikit-learn.org/stable/modules/linear_model.html#logistic-regression
  n_iter_i = _check_optimize_result(
/home/reuellee_gmail_com/.local/lib/python3.11/site-packages/sklearn/linear_model/_logistic.py:599: ConvergenceWarning: lbfgs failed to converge after 200 iteration(s) (status=1):
STOP: TOTAL NO. OF ITERATIONS REACHED LIMIT

Increase the number of iterations to improve the convergence (max_iter=200).
You might also want to scale the data as shown in:
    https://scikit-learn.org/stable/modules/preprocessing.html
Please also refer to the documentation for alternative solver options:
    https://scikit-learn.org/stable/modules/linear_model.html#logistic-regression
  n_iter_i = _check_optimize_result(
/home/reuellee_gmail_com/.local/lib/python3.11/site-packages/sklearn/linear_model/_logistic.py:599: ConvergenceWarning: lbfgs failed to converge after 200 iteration(s) (status=1):
STOP: TOTAL NO. OF ITERATIONS REACHED LIMIT

Increase the number of iterations to improve the convergence (max_iter=200).
You might also want to scale the data as shown in:
    https://scikit-learn.org/stable/modules/preprocessing.html
Please also refer to the documentation for alternative solver options:
    https://scikit-learn.org/stable/modules/linear_model.html#logistic-regression
  n_iter_i = _check_optimize_result(
/home/reuellee_gmail_com/.local/lib/python3.11/site-packages/sklearn/linear_model/_logistic.py:599: ConvergenceWarning: lbfgs failed to converge after 200 iteration(s) (status=1):
STOP: TOTAL NO. OF ITERATIONS REACHED LIMIT

Increase the number of iterations to improve the convergence (max_iter=200).
You might also want to scale the data as shown in:
    https://scikit-learn.org/stable/modules/preprocessing.html
Please also refer to the documentation for alternative solver options:
    https://scikit-learn.org/stable/modules/linear_model.html#logistic-regression
  n_iter_i = _check_optimize_result(
/home/reuellee_gmail_com/.local/lib/python3.11/site-packages/sklearn/linear_model/_logistic.py:599: ConvergenceWarning: lbfgs failed to converge after 200 iteration(s) (status=1):
STOP: TOTAL NO. OF ITERATIONS REACHED LIMIT

Increase the number of iterations to improve the convergence (max_iter=200).
You might also want to scale the data as shown in:
    https://scikit-learn.org/stable/modules/preprocessing.html
Please also refer to the documentation for alternative solver options:
    https://scikit-learn.org/stable/modules/linear_model.html#logistic-regression
  n_iter_i = _check_optimize_result(
/home/reuellee_gmail_com/.local/lib/python3.11/site-packages/sklearn/linear_model/_logistic.py:599: ConvergenceWarning: lbfgs failed to converge after 200 iteration(s) (status=1):
STOP: TOTAL NO. OF ITERATIONS REACHED LIMIT

Increase the number of iterations to improve the convergence (max_iter=200).
You might also want to scale the data as shown in:
    https://scikit-learn.org/stable/modules/preprocessing.html
Please also refer to the documentation for alternative solver options:
    https://scikit-learn.org/stable/modules/linear_model.html#logistic-regression
  n_iter_i = _check_optimize_result(
  probe i: n=1044
/home/reuellee_gmail_com/.local/lib/python3.11/site-packages/sklearn/linear_model/_logistic.py:599: ConvergenceWarning: lbfgs failed to converge after 200 iteration(s) (status=1):
STOP: TOTAL NO. OF ITERATIONS REACHED LIMIT

Increase the number of iterations to improve the convergence (max_iter=200).
You might also want to scale the data as shown in:
    https://scikit-learn.org/stable/modules/preprocessing.html
Please also refer to the documentation for alternative solver options:
    https://scikit-learn.org/stable/modules/linear_model.html#logistic-regression
  n_iter_i = _check_optimize_result(
/home/reuellee_gmail_com/.local/lib/python3.11/site-packages/sklearn/linear_model/_logistic.py:599: ConvergenceWarning: lbfgs failed to converge after 200 iteration(s) (status=1):
STOP: TOTAL NO. OF ITERATIONS REACHED LIMIT

Increase the number of iterations to improve the convergence (max_iter=200).
You might also want to scale the data as shown in:
    https://scikit-learn.org/stable/modules/preprocessing.html
Please also refer to the documentation for alternative solver options:
    https://scikit-learn.org/stable/modules/linear_model.html#logistic-regression
  n_iter_i = _check_optimize_result(
/home/reuellee_gmail_com/.local/lib/python3.11/site-packages/sklearn/linear_model/_logistic.py:599: ConvergenceWarning: lbfgs failed to converge after 200 iteration(s) (status=1):
STOP: TOTAL NO. OF ITERATIONS REACHED LIMIT

Increase the number of iterations to improve the convergence (max_iter=200).
You might also want to scale the data as shown in:
    https://scikit-learn.org/stable/modules/preprocessing.html
Please also refer to the documentation for alternative solver options:
    https://scikit-learn.org/stable/modules/linear_model.html#logistic-regression
  n_iter_i = _check_optimize_result(
  probe j: n=513
/home/reuellee_gmail_com/.local/lib/python3.11/site-packages/sklearn/linear_model/_logistic.py:599: ConvergenceWarning: lbfgs failed to converge after 200 iteration(s) (status=1):
STOP: TOTAL NO. OF ITERATIONS REACHED LIMIT

Increase the number of iterations to improve the convergence (max_iter=200).
You might also want to scale the data as shown in:
    https://scikit-learn.org/stable/modules/preprocessing.html
Please also refer to the documentation for alternative solver options:
    https://scikit-learn.org/stable/modules/linear_model.html#logistic-regression
  n_iter_i = _check_optimize_result(
/home/reuellee_gmail_com/.local/lib/python3.11/site-packages/sklearn/linear_model/_logistic.py:599: ConvergenceWarning: lbfgs failed to converge after 200 iteration(s) (status=1):
STOP: TOTAL NO. OF ITERATIONS REACHED LIMIT

Increase the number of iterations to improve the convergence (max_iter=200).
You might also want to scale the data as shown in:
    https://scikit-learn.org/stable/modules/preprocessing.html
Please also refer to the documentation for alternative solver options:
    https://scikit-learn.org/stable/modules/linear_model.html#logistic-regression
  n_iter_i = _check_optimize_result(
/home/reuellee_gmail_com/.local/lib/python3.11/site-packages/sklearn/linear_model/_logistic.py:599: ConvergenceWarning: lbfgs failed to converge after 200 iteration(s) (status=1):
STOP: TOTAL NO. OF ITERATIONS REACHED LIMIT

Increase the number of iterations to improve the convergence (max_iter=200).
You might also want to scale the data as shown in:
    https://scikit-learn.org/stable/modules/preprocessing.html
Please also refer to the documentation for alternative solver options:
    https://scikit-learn.org/stable/modules/linear_model.html#logistic-regression
  n_iter_i = _check_optimize_result(
/home/reuellee_gmail_com/.local/lib/python3.11/site-packages/sklearn/linear_model/_logistic.py:599: ConvergenceWarning: lbfgs failed to converge after 200 iteration(s) (status=1):
STOP: TOTAL NO. OF ITERATIONS REACHED LIMIT

Increase the number of iterations to improve the convergence (max_iter=200).
You might also want to scale the data as shown in:
    https://scikit-learn.org/stable/modules/preprocessing.html
Please also refer to the documentation for alternative solver options:
    https://scikit-learn.org/stable/modules/linear_model.html#logistic-regression
  n_iter_i = _check_optimize_result(
/home/reuellee_gmail_com/.local/lib/python3.11/site-packages/sklearn/linear_model/_logistic.py:599: ConvergenceWarning: lbfgs failed to converge after 200 iteration(s) (status=1):
STOP: TOTAL NO. OF ITERATIONS REACHED LIMIT

Increase the number of iterations to improve the convergence (max_iter=200).
You might also want to scale the data as shown in:
    https://scikit-learn.org/stable/modules/preprocessing.html
Please also refer to the documentation for alternative solver options:
    https://scikit-learn.org/stable/modules/linear_model.html#logistic-regression
  n_iter_i = _check_optimize_result(
/home/reuellee_gmail_com/.local/lib/python3.11/site-packages/sklearn/linear_model/_logistic.py:599: ConvergenceWarning: lbfgs failed to converge after 200 iteration(s) (status=1):
STOP: TOTAL NO. OF ITERATIONS REACHED LIMIT

Increase the number of iterations to improve the convergence (max_iter=200).
You might also want to scale the data as shown in:
    https://scikit-learn.org/stable/modules/preprocessing.html
Please also refer to the documentation for alternative solver options:
    https://scikit-learn.org/stable/modules/linear_model.html#logistic-regression
  n_iter_i = _check_optimize_result(
  probe k: n=934
/home/reuellee_gmail_com/.local/lib/python3.11/site-packages/sklearn/linear_model/_logistic.py:599: ConvergenceWarning: lbfgs failed to converge after 200 iteration(s) (status=1):
STOP: TOTAL NO. OF ITERATIONS REACHED LIMIT

Increase the number of iterations to improve the convergence (max_iter=200).
You might also want to scale the data as shown in:
    https://scikit-learn.org/stable/modules/preprocessing.html
Please also refer to the documentation for alternative solver options:
    https://scikit-learn.org/stable/modules/linear_model.html#logistic-regression
  n_iter_i = _check_optimize_result(
/home/reuellee_gmail_com/.local/lib/python3.11/site-packages/sklearn/linear_model/_logistic.py:599: ConvergenceWarning: lbfgs failed to converge after 200 iteration(s) (status=1):
STOP: TOTAL NO. OF ITERATIONS REACHED LIMIT

Increase the number of iterations to improve the convergence (max_iter=200).
You might also want to scale the data as shown in:
    https://scikit-learn.org/stable/modules/preprocessing.html
Please also refer to the documentation for alternative solver options:
    https://scikit-learn.org/stable/modules/linear_model.html#logistic-regression
  n_iter_i = _check_optimize_result(
/home/reuellee_gmail_com/.local/lib/python3.11/site-packages/sklearn/linear_model/_logistic.py:599: ConvergenceWarning: lbfgs failed to converge after 200 iteration(s) (status=1):
STOP: TOTAL NO. OF ITERATIONS REACHED LIMIT

Increase the number of iterations to improve the convergence (max_iter=200).
You might also want to scale the data as shown in:
    https://scikit-learn.org/stable/modules/preprocessing.html
Please also refer to the documentation for alternative solver options:
    https://scikit-learn.org/stable/modules/linear_model.html#logistic-regression
  n_iter_i = _check_optimize_result(
/home/reuellee_gmail_com/.local/lib/python3.11/site-packages/sklearn/linear_model/_logistic.py:599: ConvergenceWarning: lbfgs failed to converge after 200 iteration(s) (status=1):
STOP: TOTAL NO. OF ITERATIONS REACHED LIMIT

Increase the number of iterations to improve the convergence (max_iter=200).
You might also want to scale the data as shown in:
    https://scikit-learn.org/stable/modules/preprocessing.html
Please also refer to the documentation for alternative solver options:
    https://scikit-learn.org/stable/modules/linear_model.html#logistic-regression
  n_iter_i = _check_optimize_result(
/home/reuellee_gmail_com/.local/lib/python3.11/site-packages/sklearn/linear_model/_logistic.py:599: ConvergenceWarning: lbfgs failed to converge after 200 iteration(s) (status=1):
STOP: TOTAL NO. OF ITERATIONS REACHED LIMIT

Increase the number of iterations to improve the convergence (max_iter=200).
You might also want to scale the data as shown in:
    https://scikit-learn.org/stable/modules/preprocessing.html
Please also refer to the documentation for alternative solver options:
    https://scikit-learn.org/stable/modules/linear_model.html#logistic-regression
  n_iter_i = _check_optimize_result(
/home/reuellee_gmail_com/.local/lib/python3.11/site-packages/sklearn/linear_model/_logistic.py:599: ConvergenceWarning: lbfgs failed to converge after 200 iteration(s) (status=1):
STOP: TOTAL NO. OF ITERATIONS REACHED LIMIT

Increase the number of iterations to improve the convergence (max_iter=200).
You might also want to scale the data as shown in:
    https://scikit-learn.org/stable/modules/preprocessing.html
Please also refer to the documentation for alternative solver options:
    https://scikit-learn.org/stable/modules/linear_model.html#logistic-regression
  n_iter_i = _check_optimize_result(
  probe l: n=988
/home/reuellee_gmail_com/.local/lib/python3.11/site-packages/sklearn/linear_model/_logistic.py:599: ConvergenceWarning: lbfgs failed to converge after 200 iteration(s) (status=1):
STOP: TOTAL NO. OF ITERATIONS REACHED LIMIT

Increase the number of iterations to improve the convergence (max_iter=200).
You might also want to scale the data as shown in:
    https://scikit-learn.org/stable/modules/preprocessing.html
Please also refer to the documentation for alternative solver options:
    https://scikit-learn.org/stable/modules/linear_model.html#logistic-regression
  n_iter_i = _check_optimize_result(
/home/reuellee_gmail_com/.local/lib/python3.11/site-packages/sklearn/linear_model/_logistic.py:599: ConvergenceWarning: lbfgs failed to converge after 200 iteration(s) (status=1):
STOP: TOTAL NO. OF ITERATIONS REACHED LIMIT

Increase the number of iterations to improve the convergence (max_iter=200).
You might also want to scale the data as shown in:
    https://scikit-learn.org/stable/modules/preprocessing.html
Please also refer to the documentation for alternative solver options:
    https://scikit-learn.org/stable/modules/linear_model.html#logistic-regression
  n_iter_i = _check_optimize_result(
/home/reuellee_gmail_com/.local/lib/python3.11/site-packages/sklearn/linear_model/_logistic.py:599: ConvergenceWarning: lbfgs failed to converge after 200 iteration(s) (status=1):
STOP: TOTAL NO. OF ITERATIONS REACHED LIMIT

Increase the number of iterations to improve the convergence (max_iter=200).
You might also want to scale the data as shown in:
    https://scikit-learn.org/stable/modules/preprocessing.html
Please also refer to the documentation for alternative solver options:
    https://scikit-learn.org/stable/modules/linear_model.html#logistic-regression
  n_iter_i = _check_optimize_result(
/home/reuellee_gmail_com/.local/lib/python3.11/site-packages/sklearn/linear_model/_logistic.py:599: ConvergenceWarning: lbfgs failed to converge after 200 iteration(s) (status=1):
STOP: TOTAL NO. OF ITERATIONS REACHED LIMIT

Increase the number of iterations to improve the convergence (max_iter=200).
You might also want to scale the data as shown in:
    https://scikit-learn.org/stable/modules/preprocessing.html
Please also refer to the documentation for alternative solver options:
    https://scikit-learn.org/stable/modules/linear_model.html#logistic-regression
  n_iter_i = _check_optimize_result(
/home/reuellee_gmail_com/.local/lib/python3.11/site-packages/sklearn/linear_model/_logistic.py:599: ConvergenceWarning: lbfgs failed to converge after 200 iteration(s) (status=1):
STOP: TOTAL NO. OF ITERATIONS REACHED LIMIT

Increase the number of iterations to improve the convergence (max_iter=200).
You might also want to scale the data as shown in:
    https://scikit-learn.org/stable/modules/preprocessing.html
Please also refer to the documentation for alternative solver options:
    https://scikit-learn.org/stable/modules/linear_model.html#logistic-regression
  n_iter_i = _check_optimize_result(
/home/reuellee_gmail_com/.local/lib/python3.11/site-packages/sklearn/linear_model/_logistic.py:599: ConvergenceWarning: lbfgs failed to converge after 200 iteration(s) (status=1):
STOP: TOTAL NO. OF ITERATIONS REACHED LIMIT

Increase the number of iterations to improve the convergence (max_iter=200).
You might also want to scale the data as shown in:
    https://scikit-learn.org/stable/modules/preprocessing.html
Please also refer to the documentation for alternative solver options:
    https://scikit-learn.org/stable/modules/linear_model.html#logistic-regression
  n_iter_i = _check_optimize_result(
  probe m: n=1126
/home/reuellee_gmail_com/.local/lib/python3.11/site-packages/sklearn/linear_model/_logistic.py:599: ConvergenceWarning: lbfgs failed to converge after 200 iteration(s) (status=1):
STOP: TOTAL NO. OF ITERATIONS REACHED LIMIT

Increase the number of iterations to improve the convergence (max_iter=200).
You might also want to scale the data as shown in:
    https://scikit-learn.org/stable/modules/preprocessing.html
Please also refer to the documentation for alternative solver options:
    https://scikit-learn.org/stable/modules/linear_model.html#logistic-regression
  n_iter_i = _check_optimize_result(
/home/reuellee_gmail_com/.local/lib/python3.11/site-packages/sklearn/linear_model/_logistic.py:599: ConvergenceWarning: lbfgs failed to converge after 200 iteration(s) (status=1):
STOP: TOTAL NO. OF ITERATIONS REACHED LIMIT

Increase the number of iterations to improve the convergence (max_iter=200).
You might also want to scale the data as shown in:
    https://scikit-learn.org/stable/modules/preprocessing.html
Please also refer to the documentation for alternative solver options:
    https://scikit-learn.org/stable/modules/linear_model.html#logistic-regression
  n_iter_i = _check_optimize_result(
/home/reuellee_gmail_com/.local/lib/python3.11/site-packages/sklearn/linear_model/_logistic.py:599: ConvergenceWarning: lbfgs failed to converge after 200 iteration(s) (status=1):
STOP: TOTAL NO. OF ITERATIONS REACHED LIMIT

Increase the number of iterations to improve the convergence (max_iter=200).
You might also want to scale the data as shown in:
    https://scikit-learn.org/stable/modules/preprocessing.html
Please also refer to the documentation for alternative solver options:
    https://scikit-learn.org/stable/modules/linear_model.html#logistic-regression
  n_iter_i = _check_optimize_result(
/home/reuellee_gmail_com/.local/lib/python3.11/site-packages/sklearn/linear_model/_logistic.py:599: ConvergenceWarning: lbfgs failed to converge after 200 iteration(s) (status=1):
STOP: TOTAL NO. OF ITERATIONS REACHED LIMIT

Increase the number of iterations to improve the convergence (max_iter=200).
You might also want to scale the data as shown in:
    https://scikit-learn.org/stable/modules/preprocessing.html
Please also refer to the documentation for alternative solver options:
    https://scikit-learn.org/stable/modules/linear_model.html#logistic-regression
  n_iter_i = _check_optimize_result(
/home/reuellee_gmail_com/.local/lib/python3.11/site-packages/sklearn/linear_model/_logistic.py:599: ConvergenceWarning: lbfgs failed to converge after 200 iteration(s) (status=1):
STOP: TOTAL NO. OF ITERATIONS REACHED LIMIT

Increase the number of iterations to improve the convergence (max_iter=200).
You might also want to scale the data as shown in:
    https://scikit-learn.org/stable/modules/preprocessing.html
Please also refer to the documentation for alternative solver options:
    https://scikit-learn.org/stable/modules/linear_model.html#logistic-regression
  n_iter_i = _check_optimize_result(
/home/reuellee_gmail_com/.local/lib/python3.11/site-packages/sklearn/linear_model/_logistic.py:599: ConvergenceWarning: lbfgs failed to converge after 200 iteration(s) (status=1):
STOP: TOTAL NO. OF ITERATIONS REACHED LIMIT

Increase the number of iterations to improve the convergence (max_iter=200).
You might also want to scale the data as shown in:
    https://scikit-learn.org/stable/modules/preprocessing.html
Please also refer to the documentation for alternative solver options:
    https://scikit-learn.org/stable/modules/linear_model.html#logistic-regression
  n_iter_i = _check_optimize_result(
  probe n: n=959
/home/reuellee_gmail_com/.local/lib/python3.11/site-packages/sklearn/linear_model/_logistic.py:599: ConvergenceWarning: lbfgs failed to converge after 200 iteration(s) (status=1):
STOP: TOTAL NO. OF ITERATIONS REACHED LIMIT

Increase the number of iterations to improve the convergence (max_iter=200).
You might also want to scale the data as shown in:
    https://scikit-learn.org/stable/modules/preprocessing.html
Please also refer to the documentation for alternative solver options:
    https://scikit-learn.org/stable/modules/linear_model.html#logistic-regression
  n_iter_i = _check_optimize_result(
/home/reuellee_gmail_com/.local/lib/python3.11/site-packages/sklearn/linear_model/_logistic.py:599: ConvergenceWarning: lbfgs failed to converge after 200 iteration(s) (status=1):
STOP: TOTAL NO. OF ITERATIONS REACHED LIMIT

Increase the number of iterations to improve the convergence (max_iter=200).
You might also want to scale the data as shown in:
    https://scikit-learn.org/stable/modules/preprocessing.html
Please also refer to the documentation for alternative solver options:
    https://scikit-learn.org/stable/modules/linear_model.html#logistic-regression
  n_iter_i = _check_optimize_result(
/home/reuellee_gmail_com/.local/lib/python3.11/site-packages/sklearn/linear_model/_logistic.py:599: ConvergenceWarning: lbfgs failed to converge after 200 iteration(s) (status=1):
STOP: TOTAL NO. OF ITERATIONS REACHED LIMIT

Increase the number of iterations to improve the convergence (max_iter=200).
You might also want to scale the data as shown in:
    https://scikit-learn.org/stable/modules/preprocessing.html
Please also refer to the documentation for alternative solver options:
    https://scikit-learn.org/stable/modules/linear_model.html#logistic-regression
  n_iter_i = _check_optimize_result(
/home/reuellee_gmail_com/.local/lib/python3.11/site-packages/sklearn/linear_model/_logistic.py:599: ConvergenceWarning: lbfgs failed to converge after 200 iteration(s) (status=1):
STOP: TOTAL NO. OF ITERATIONS REACHED LIMIT

Increase the number of iterations to improve the convergence (max_iter=200).
You might also want to scale the data as shown in:
    https://scikit-learn.org/stable/modules/preprocessing.html
Please also refer to the documentation for alternative solver options:
    https://scikit-learn.org/stable/modules/linear_model.html#logistic-regression
  n_iter_i = _check_optimize_result(
/home/reuellee_gmail_com/.local/lib/python3.11/site-packages/sklearn/linear_model/_logistic.py:599: ConvergenceWarning: lbfgs failed to converge after 200 iteration(s) (status=1):
STOP: TOTAL NO. OF ITERATIONS REACHED LIMIT

Increase the number of iterations to improve the convergence (max_iter=200).
You might also want to scale the data as shown in:
    https://scikit-learn.org/stable/modules/preprocessing.html
Please also refer to the documentation for alternative solver options:
    https://scikit-learn.org/stable/modules/linear_model.html#logistic-regression
  n_iter_i = _check_optimize_result(
/home/reuellee_gmail_com/.local/lib/python3.11/site-packages/sklearn/linear_model/_logistic.py:599: ConvergenceWarning: lbfgs failed to converge after 200 iteration(s) (status=1):
STOP: TOTAL NO. OF ITERATIONS REACHED LIMIT

Increase the number of iterations to improve the convergence (max_iter=200).
You might also want to scale the data as shown in:
    https://scikit-learn.org/stable/modules/preprocessing.html
Please also refer to the documentation for alternative solver options:
    https://scikit-learn.org/stable/modules/linear_model.html#logistic-regression
  n_iter_i = _check_optimize_result(
  probe o: n=970
/home/reuellee_gmail_com/.local/lib/python3.11/site-packages/sklearn/linear_model/_logistic.py:599: ConvergenceWarning: lbfgs failed to converge after 200 iteration(s) (status=1):
STOP: TOTAL NO. OF ITERATIONS REACHED LIMIT

Increase the number of iterations to improve the convergence (max_iter=200).
You might also want to scale the data as shown in:
    https://scikit-learn.org/stable/modules/preprocessing.html
Please also refer to the documentation for alternative solver options:
    https://scikit-learn.org/stable/modules/linear_model.html#logistic-regression
  n_iter_i = _check_optimize_result(
/home/reuellee_gmail_com/.local/lib/python3.11/site-packages/sklearn/linear_model/_logistic.py:599: ConvergenceWarning: lbfgs failed to converge after 200 iteration(s) (status=1):
STOP: TOTAL NO. OF ITERATIONS REACHED LIMIT

Increase the number of iterations to improve the convergence (max_iter=200).
You might also want to scale the data as shown in:
    https://scikit-learn.org/stable/modules/preprocessing.html
Please also refer to the documentation for alternative solver options:
    https://scikit-learn.org/stable/modules/linear_model.html#logistic-regression
  n_iter_i = _check_optimize_result(
/home/reuellee_gmail_com/.local/lib/python3.11/site-packages/sklearn/linear_model/_logistic.py:599: ConvergenceWarning: lbfgs failed to converge after 200 iteration(s) (status=1):
STOP: TOTAL NO. OF ITERATIONS REACHED LIMIT

Increase the number of iterations to improve the convergence (max_iter=200).
You might also want to scale the data as shown in:
    https://scikit-learn.org/stable/modules/preprocessing.html
Please also refer to the documentation for alternative solver options:
    https://scikit-learn.org/stable/modules/linear_model.html#logistic-regression
  n_iter_i = _check_optimize_result(
/home/reuellee_gmail_com/.local/lib/python3.11/site-packages/sklearn/linear_model/_logistic.py:599: ConvergenceWarning: lbfgs failed to converge after 200 iteration(s) (status=1):
STOP: TOTAL NO. OF ITERATIONS REACHED LIMIT

Increase the number of iterations to improve the convergence (max_iter=200).
You might also want to scale the data as shown in:
    https://scikit-learn.org/stable/modules/preprocessing.html
Please also refer to the documentation for alternative solver options:
    https://scikit-learn.org/stable/modules/linear_model.html#logistic-regression
  n_iter_i = _check_optimize_result(
/home/reuellee_gmail_com/.local/lib/python3.11/site-packages/sklearn/linear_model/_logistic.py:599: ConvergenceWarning: lbfgs failed to converge after 200 iteration(s) (status=1):
STOP: TOTAL NO. OF ITERATIONS REACHED LIMIT

Increase the number of iterations to improve the convergence (max_iter=200).
You might also want to scale the data as shown in:
    https://scikit-learn.org/stable/modules/preprocessing.html
Please also refer to the documentation for alternative solver options:
    https://scikit-learn.org/stable/modules/linear_model.html#logistic-regression
  n_iter_i = _check_optimize_result(
/home/reuellee_gmail_com/.local/lib/python3.11/site-packages/sklearn/linear_model/_logistic.py:599: ConvergenceWarning: lbfgs failed to converge after 200 iteration(s) (status=1):
STOP: TOTAL NO. OF ITERATIONS REACHED LIMIT

Increase the number of iterations to improve the convergence (max_iter=200).
You might also want to scale the data as shown in:
    https://scikit-learn.org/stable/modules/preprocessing.html
Please also refer to the documentation for alternative solver options:
    https://scikit-learn.org/stable/modules/linear_model.html#logistic-regression
  n_iter_i = _check_optimize_result(
  probe p: n=1294
  probe q: n=282
/home/reuellee_gmail_com/.local/lib/python3.11/site-packages/sklearn/linear_model/_logistic.py:599: ConvergenceWarning: lbfgs failed to converge after 200 iteration(s) (status=1):
STOP: TOTAL NO. OF ITERATIONS REACHED LIMIT

Increase the number of iterations to improve the convergence (max_iter=200).
You might also want to scale the data as shown in:
    https://scikit-learn.org/stable/modules/preprocessing.html
Please also refer to the documentation for alternative solver options:
    https://scikit-learn.org/stable/modules/linear_model.html#logistic-regression
  n_iter_i = _check_optimize_result(
/home/reuellee_gmail_com/.local/lib/python3.11/site-packages/sklearn/linear_model/_logistic.py:599: ConvergenceWarning: lbfgs failed to converge after 200 iteration(s) (status=1):
STOP: TOTAL NO. OF ITERATIONS REACHED LIMIT

Increase the number of iterations to improve the convergence (max_iter=200).
You might also want to scale the data as shown in:
    https://scikit-learn.org/stable/modules/preprocessing.html
Please also refer to the documentation for alternative solver options:
    https://scikit-learn.org/stable/modules/linear_model.html#logistic-regression
  n_iter_i = _check_optimize_result(
/home/reuellee_gmail_com/.local/lib/python3.11/site-packages/sklearn/linear_model/_logistic.py:599: ConvergenceWarning: lbfgs failed to converge after 200 iteration(s) (status=1):
STOP: TOTAL NO. OF ITERATIONS REACHED LIMIT

Increase the number of iterations to improve the convergence (max_iter=200).
You might also want to scale the data as shown in:
    https://scikit-learn.org/stable/modules/preprocessing.html
Please also refer to the documentation for alternative solver options:
    https://scikit-learn.org/stable/modules/linear_model.html#logistic-regression
  n_iter_i = _check_optimize_result(
/home/reuellee_gmail_com/.local/lib/python3.11/site-packages/sklearn/linear_model/_logistic.py:599: ConvergenceWarning: lbfgs failed to converge after 200 iteration(s) (status=1):
STOP: TOTAL NO. OF ITERATIONS REACHED LIMIT

Increase the number of iterations to improve the convergence (max_iter=200).
You might also want to scale the data as shown in:
    https://scikit-learn.org/stable/modules/preprocessing.html
Please also refer to the documentation for alternative solver options:
    https://scikit-learn.org/stable/modules/linear_model.html#logistic-regression
  n_iter_i = _check_optimize_result(
/home/reuellee_gmail_com/.local/lib/python3.11/site-packages/sklearn/linear_model/_logistic.py:599: ConvergenceWarning: lbfgs failed to converge after 200 iteration(s) (status=1):
STOP: TOTAL NO. OF ITERATIONS REACHED LIMIT

Increase the number of iterations to improve the convergence (max_iter=200).
You might also want to scale the data as shown in:
    https://scikit-learn.org/stable/modules/preprocessing.html
Please also refer to the documentation for alternative solver options:
    https://scikit-learn.org/stable/modules/linear_model.html#logistic-regression
  n_iter_i = _check_optimize_result(
/home/reuellee_gmail_com/.local/lib/python3.11/site-packages/sklearn/linear_model/_logistic.py:599: ConvergenceWarning: lbfgs failed to converge after 200 iteration(s) (status=1):
STOP: TOTAL NO. OF ITERATIONS REACHED LIMIT

Increase the number of iterations to improve the convergence (max_iter=200).
You might also want to scale the data as shown in:
    https://scikit-learn.org/stable/modules/preprocessing.html
Please also refer to the documentation for alternative solver options:
    https://scikit-learn.org/stable/modules/linear_model.html#logistic-regression
  n_iter_i = _check_optimize_result(
  probe r: n=1119
/home/reuellee_gmail_com/.local/lib/python3.11/site-packages/sklearn/linear_model/_logistic.py:599: ConvergenceWarning: lbfgs failed to converge after 200 iteration(s) (status=1):
STOP: TOTAL NO. OF ITERATIONS REACHED LIMIT

Increase the number of iterations to improve the convergence (max_iter=200).
You might also want to scale the data as shown in:
    https://scikit-learn.org/stable/modules/preprocessing.html
Please also refer to the documentation for alternative solver options:
    https://scikit-learn.org/stable/modules/linear_model.html#logistic-regression
  n_iter_i = _check_optimize_result(
/home/reuellee_gmail_com/.local/lib/python3.11/site-packages/sklearn/linear_model/_logistic.py:599: ConvergenceWarning: lbfgs failed to converge after 200 iteration(s) (status=1):
STOP: TOTAL NO. OF ITERATIONS REACHED LIMIT

Increase the number of iterations to improve the convergence (max_iter=200).
You might also want to scale the data as shown in:
    https://scikit-learn.org/stable/modules/preprocessing.html
Please also refer to the documentation for alternative solver options:
    https://scikit-learn.org/stable/modules/linear_model.html#logistic-regression
  n_iter_i = _check_optimize_result(
/home/reuellee_gmail_com/.local/lib/python3.11/site-packages/sklearn/linear_model/_logistic.py:599: ConvergenceWarning: lbfgs failed to converge after 200 iteration(s) (status=1):
STOP: TOTAL NO. OF ITERATIONS REACHED LIMIT

Increase the number of iterations to improve the convergence (max_iter=200).
You might also want to scale the data as shown in:
    https://scikit-learn.org/stable/modules/preprocessing.html
Please also refer to the documentation for alternative solver options:
    https://scikit-learn.org/stable/modules/linear_model.html#logistic-regression
  n_iter_i = _check_optimize_result(
/home/reuellee_gmail_com/.local/lib/python3.11/site-packages/sklearn/linear_model/_logistic.py:599: ConvergenceWarning: lbfgs failed to converge after 200 iteration(s) (status=1):
STOP: TOTAL NO. OF ITERATIONS REACHED LIMIT

Increase the number of iterations to improve the convergence (max_iter=200).
You might also want to scale the data as shown in:
    https://scikit-learn.org/stable/modules/preprocessing.html
Please also refer to the documentation for alternative solver options:
    https://scikit-learn.org/stable/modules/linear_model.html#logistic-regression
  n_iter_i = _check_optimize_result(
/home/reuellee_gmail_com/.local/lib/python3.11/site-packages/sklearn/linear_model/_logistic.py:599: ConvergenceWarning: lbfgs failed to converge after 200 iteration(s) (status=1):
STOP: TOTAL NO. OF ITERATIONS REACHED LIMIT

Increase the number of iterations to improve the convergence (max_iter=200).
You might also want to scale the data as shown in:
    https://scikit-learn.org/stable/modules/preprocessing.html
Please also refer to the documentation for alternative solver options:
    https://scikit-learn.org/stable/modules/linear_model.html#logistic-regression
  n_iter_i = _check_optimize_result(
/home/reuellee_gmail_com/.local/lib/python3.11/site-packages/sklearn/linear_model/_logistic.py:599: ConvergenceWarning: lbfgs failed to converge after 200 iteration(s) (status=1):
STOP: TOTAL NO. OF ITERATIONS REACHED LIMIT

Increase the number of iterations to improve the convergence (max_iter=200).
You might also want to scale the data as shown in:
    https://scikit-learn.org/stable/modules/preprocessing.html
Please also refer to the documentation for alternative solver options:
    https://scikit-learn.org/stable/modules/linear_model.html#logistic-regression
  n_iter_i = _check_optimize_result(
  probe s: n=1364
/home/reuellee_gmail_com/.local/lib/python3.11/site-packages/sklearn/linear_model/_logistic.py:599: ConvergenceWarning: lbfgs failed to converge after 200 iteration(s) (status=1):
STOP: TOTAL NO. OF ITERATIONS REACHED LIMIT

Increase the number of iterations to improve the convergence (max_iter=200).
You might also want to scale the data as shown in:
    https://scikit-learn.org/stable/modules/preprocessing.html
Please also refer to the documentation for alternative solver options:
    https://scikit-learn.org/stable/modules/linear_model.html#logistic-regression
  n_iter_i = _check_optimize_result(
/home/reuellee_gmail_com/.local/lib/python3.11/site-packages/sklearn/linear_model/_logistic.py:599: ConvergenceWarning: lbfgs failed to converge after 200 iteration(s) (status=1):
STOP: TOTAL NO. OF ITERATIONS REACHED LIMIT

Increase the number of iterations to improve the convergence (max_iter=200).
You might also want to scale the data as shown in:
    https://scikit-learn.org/stable/modules/preprocessing.html
Please also refer to the documentation for alternative solver options:
    https://scikit-learn.org/stable/modules/linear_model.html#logistic-regression
  n_iter_i = _check_optimize_result(
/home/reuellee_gmail_com/.local/lib/python3.11/site-packages/sklearn/linear_model/_logistic.py:599: ConvergenceWarning: lbfgs failed to converge after 200 iteration(s) (status=1):
STOP: TOTAL NO. OF ITERATIONS REACHED LIMIT

Increase the number of iterations to improve the convergence (max_iter=200).
You might also want to scale the data as shown in:
    https://scikit-learn.org/stable/modules/preprocessing.html
Please also refer to the documentation for alternative solver options:
    https://scikit-learn.org/stable/modules/linear_model.html#logistic-regression
  n_iter_i = _check_optimize_result(
/home/reuellee_gmail_com/.local/lib/python3.11/site-packages/sklearn/linear_model/_logistic.py:599: ConvergenceWarning: lbfgs failed to converge after 200 iteration(s) (status=1):
STOP: TOTAL NO. OF ITERATIONS REACHED LIMIT

Increase the number of iterations to improve the convergence (max_iter=200).
You might also want to scale the data as shown in:
    https://scikit-learn.org/stable/modules/preprocessing.html
Please also refer to the documentation for alternative solver options:
    https://scikit-learn.org/stable/modules/linear_model.html#logistic-regression
  n_iter_i = _check_optimize_result(
/home/reuellee_gmail_com/.local/lib/python3.11/site-packages/sklearn/linear_model/_logistic.py:599: ConvergenceWarning: lbfgs failed to converge after 200 iteration(s) (status=1):
STOP: TOTAL NO. OF ITERATIONS REACHED LIMIT

Increase the number of iterations to improve the convergence (max_iter=200).
You might also want to scale the data as shown in:
    https://scikit-learn.org/stable/modules/preprocessing.html
Please also refer to the documentation for alternative solver options:
    https://scikit-learn.org/stable/modules/linear_model.html#logistic-regression
  n_iter_i = _check_optimize_result(
/home/reuellee_gmail_com/.local/lib/python3.11/site-packages/sklearn/linear_model/_logistic.py:599: ConvergenceWarning: lbfgs failed to converge after 200 iteration(s) (status=1):
STOP: TOTAL NO. OF ITERATIONS REACHED LIMIT

Increase the number of iterations to improve the convergence (max_iter=200).
You might also want to scale the data as shown in:
    https://scikit-learn.org/stable/modules/preprocessing.html
Please also refer to the documentation for alternative solver options:
    https://scikit-learn.org/stable/modules/linear_model.html#logistic-regression
  n_iter_i = _check_optimize_result(
  probe t: n=1112
/home/reuellee_gmail_com/.local/lib/python3.11/site-packages/sklearn/linear_model/_logistic.py:599: ConvergenceWarning: lbfgs failed to converge after 200 iteration(s) (status=1):
STOP: TOTAL NO. OF ITERATIONS REACHED LIMIT

Increase the number of iterations to improve the convergence (max_iter=200).
You might also want to scale the data as shown in:
    https://scikit-learn.org/stable/modules/preprocessing.html
Please also refer to the documentation for alternative solver options:
    https://scikit-learn.org/stable/modules/linear_model.html#logistic-regression
  n_iter_i = _check_optimize_result(
/home/reuellee_gmail_com/.local/lib/python3.11/site-packages/sklearn/linear_model/_logistic.py:599: ConvergenceWarning: lbfgs failed to converge after 200 iteration(s) (status=1):
STOP: TOTAL NO. OF ITERATIONS REACHED LIMIT

Increase the number of iterations to improve the convergence (max_iter=200).
You might also want to scale the data as shown in:
    https://scikit-learn.org/stable/modules/preprocessing.html
Please also refer to the documentation for alternative solver options:
    https://scikit-learn.org/stable/modules/linear_model.html#logistic-regression
  n_iter_i = _check_optimize_result(
/home/reuellee_gmail_com/.local/lib/python3.11/site-packages/sklearn/linear_model/_logistic.py:599: ConvergenceWarning: lbfgs failed to converge after 200 iteration(s) (status=1):
STOP: TOTAL NO. OF ITERATIONS REACHED LIMIT

Increase the number of iterations to improve the convergence (max_iter=200).
You might also want to scale the data as shown in:
    https://scikit-learn.org/stable/modules/preprocessing.html
Please also refer to the documentation for alternative solver options:
    https://scikit-learn.org/stable/modules/linear_model.html#logistic-regression
  n_iter_i = _check_optimize_result(
/home/reuellee_gmail_com/.local/lib/python3.11/site-packages/sklearn/linear_model/_logistic.py:599: ConvergenceWarning: lbfgs failed to converge after 200 iteration(s) (status=1):
STOP: TOTAL NO. OF ITERATIONS REACHED LIMIT

Increase the number of iterations to improve the convergence (max_iter=200).
You might also want to scale the data as shown in:
    https://scikit-learn.org/stable/modules/preprocessing.html
Please also refer to the documentation for alternative solver options:
    https://scikit-learn.org/stable/modules/linear_model.html#logistic-regression
  n_iter_i = _check_optimize_result(
/home/reuellee_gmail_com/.local/lib/python3.11/site-packages/sklearn/linear_model/_logistic.py:599: ConvergenceWarning: lbfgs failed to converge after 200 iteration(s) (status=1):
STOP: TOTAL NO. OF ITERATIONS REACHED LIMIT

Increase the number of iterations to improve the convergence (max_iter=200).
You might also want to scale the data as shown in:
    https://scikit-learn.org/stable/modules/preprocessing.html
Please also refer to the documentation for alternative solver options:
    https://scikit-learn.org/stable/modules/linear_model.html#logistic-regression
  n_iter_i = _check_optimize_result(
/home/reuellee_gmail_com/.local/lib/python3.11/site-packages/sklearn/linear_model/_logistic.py:599: ConvergenceWarning: lbfgs failed to converge after 200 iteration(s) (status=1):
STOP: TOTAL NO. OF ITERATIONS REACHED LIMIT

Increase the number of iterations to improve the convergence (max_iter=200).
You might also want to scale the data as shown in:
    https://scikit-learn.org/stable/modules/preprocessing.html
Please also refer to the documentation for alternative solver options:
    https://scikit-learn.org/stable/modules/linear_model.html#logistic-regression
  n_iter_i = _check_optimize_result(
  probe u: n=931
/home/reuellee_gmail_com/.local/lib/python3.11/site-packages/sklearn/linear_model/_logistic.py:599: ConvergenceWarning: lbfgs failed to converge after 200 iteration(s) (status=1):
STOP: TOTAL NO. OF ITERATIONS REACHED LIMIT

Increase the number of iterations to improve the convergence (max_iter=200).
You might also want to scale the data as shown in:
    https://scikit-learn.org/stable/modules/preprocessing.html
Please also refer to the documentation for alternative solver options:
    https://scikit-learn.org/stable/modules/linear_model.html#logistic-regression
  n_iter_i = _check_optimize_result(
/home/reuellee_gmail_com/.local/lib/python3.11/site-packages/sklearn/linear_model/_logistic.py:599: ConvergenceWarning: lbfgs failed to converge after 200 iteration(s) (status=1):
STOP: TOTAL NO. OF ITERATIONS REACHED LIMIT

Increase the number of iterations to improve the convergence (max_iter=200).
You might also want to scale the data as shown in:
    https://scikit-learn.org/stable/modules/preprocessing.html
Please also refer to the documentation for alternative solver options:
    https://scikit-learn.org/stable/modules/linear_model.html#logistic-regression
  n_iter_i = _check_optimize_result(
/home/reuellee_gmail_com/.local/lib/python3.11/site-packages/sklearn/linear_model/_logistic.py:599: ConvergenceWarning: lbfgs failed to converge after 200 iteration(s) (status=1):
STOP: TOTAL NO. OF ITERATIONS REACHED LIMIT

Increase the number of iterations to improve the convergence (max_iter=200).
You might also want to scale the data as shown in:
    https://scikit-learn.org/stable/modules/preprocessing.html
Please also refer to the documentation for alternative solver options:
    https://scikit-learn.org/stable/modules/linear_model.html#logistic-regression
  n_iter_i = _check_optimize_result(
/home/reuellee_gmail_com/.local/lib/python3.11/site-packages/sklearn/linear_model/_logistic.py:599: ConvergenceWarning: lbfgs failed to converge after 200 iteration(s) (status=1):
STOP: TOTAL NO. OF ITERATIONS REACHED LIMIT

Increase the number of iterations to improve the convergence (max_iter=200).
You might also want to scale the data as shown in:
    https://scikit-learn.org/stable/modules/preprocessing.html
Please also refer to the documentation for alternative solver options:
    https://scikit-learn.org/stable/modules/linear_model.html#logistic-regression
  n_iter_i = _check_optimize_result(
/home/reuellee_gmail_com/.local/lib/python3.11/site-packages/sklearn/linear_model/_logistic.py:599: ConvergenceWarning: lbfgs failed to converge after 200 iteration(s) (status=1):
STOP: TOTAL NO. OF ITERATIONS REACHED LIMIT

Increase the number of iterations to improve the convergence (max_iter=200).
You might also want to scale the data as shown in:
    https://scikit-learn.org/stable/modules/preprocessing.html
Please also refer to the documentation for alternative solver options:
    https://scikit-learn.org/stable/modules/linear_model.html#logistic-regression
  n_iter_i = _check_optimize_result(
/home/reuellee_gmail_com/.local/lib/python3.11/site-packages/sklearn/linear_model/_logistic.py:599: ConvergenceWarning: lbfgs failed to converge after 200 iteration(s) (status=1):
STOP: TOTAL NO. OF ITERATIONS REACHED LIMIT

Increase the number of iterations to improve the convergence (max_iter=200).
You might also want to scale the data as shown in:
    https://scikit-learn.org/stable/modules/preprocessing.html
Please also refer to the documentation for alternative solver options:
    https://scikit-learn.org/stable/modules/linear_model.html#logistic-regression
  n_iter_i = _check_optimize_result(
  probe v: n=965
/home/reuellee_gmail_com/.local/lib/python3.11/site-packages/sklearn/linear_model/_logistic.py:599: ConvergenceWarning: lbfgs failed to converge after 200 iteration(s) (status=1):
STOP: TOTAL NO. OF ITERATIONS REACHED LIMIT

Increase the number of iterations to improve the convergence (max_iter=200).
You might also want to scale the data as shown in:
    https://scikit-learn.org/stable/modules/preprocessing.html
Please also refer to the documentation for alternative solver options:
    https://scikit-learn.org/stable/modules/linear_model.html#logistic-regression
  n_iter_i = _check_optimize_result(
/home/reuellee_gmail_com/.local/lib/python3.11/site-packages/sklearn/linear_model/_logistic.py:599: ConvergenceWarning: lbfgs failed to converge after 200 iteration(s) (status=1):
STOP: TOTAL NO. OF ITERATIONS REACHED LIMIT

Increase the number of iterations to improve the convergence (max_iter=200).
You might also want to scale the data as shown in:
    https://scikit-learn.org/stable/modules/preprocessing.html
Please also refer to the documentation for alternative solver options:
    https://scikit-learn.org/stable/modules/linear_model.html#logistic-regression
  n_iter_i = _check_optimize_result(
/home/reuellee_gmail_com/.local/lib/python3.11/site-packages/sklearn/linear_model/_logistic.py:599: ConvergenceWarning: lbfgs failed to converge after 200 iteration(s) (status=1):
STOP: TOTAL NO. OF ITERATIONS REACHED LIMIT

Increase the number of iterations to improve the convergence (max_iter=200).
You might also want to scale the data as shown in:
    https://scikit-learn.org/stable/modules/preprocessing.html
Please also refer to the documentation for alternative solver options:
    https://scikit-learn.org/stable/modules/linear_model.html#logistic-regression
  n_iter_i = _check_optimize_result(
/home/reuellee_gmail_com/.local/lib/python3.11/site-packages/sklearn/linear_model/_logistic.py:599: ConvergenceWarning: lbfgs failed to converge after 200 iteration(s) (status=1):
STOP: TOTAL NO. OF ITERATIONS REACHED LIMIT

Increase the number of iterations to improve the convergence (max_iter=200).
You might also want to scale the data as shown in:
    https://scikit-learn.org/stable/modules/preprocessing.html
Please also refer to the documentation for alternative solver options:
    https://scikit-learn.org/stable/modules/linear_model.html#logistic-regression
  n_iter_i = _check_optimize_result(
/home/reuellee_gmail_com/.local/lib/python3.11/site-packages/sklearn/linear_model/_logistic.py:599: ConvergenceWarning: lbfgs failed to converge after 200 iteration(s) (status=1):
STOP: TOTAL NO. OF ITERATIONS REACHED LIMIT

Increase the number of iterations to improve the convergence (max_iter=200).
You might also want to scale the data as shown in:
    https://scikit-learn.org/stable/modules/preprocessing.html
Please also refer to the documentation for alternative solver options:
    https://scikit-learn.org/stable/modules/linear_model.html#logistic-regression
  n_iter_i = _check_optimize_result(
/home/reuellee_gmail_com/.local/lib/python3.11/site-packages/sklearn/linear_model/_logistic.py:599: ConvergenceWarning: lbfgs failed to converge after 200 iteration(s) (status=1):
STOP: TOTAL NO. OF ITERATIONS REACHED LIMIT

Increase the number of iterations to improve the convergence (max_iter=200).
You might also want to scale the data as shown in:
    https://scikit-learn.org/stable/modules/preprocessing.html
Please also refer to the documentation for alternative solver options:
    https://scikit-learn.org/stable/modules/linear_model.html#logistic-regression
  n_iter_i = _check_optimize_result(
  probe w: n=929
  probe x: n=44
/home/reuellee_gmail_com/.local/lib/python3.11/site-packages/sklearn/linear_model/_logistic.py:599: ConvergenceWarning: lbfgs failed to converge after 200 iteration(s) (status=1):
STOP: TOTAL NO. OF ITERATIONS REACHED LIMIT

Increase the number of iterations to improve the convergence (max_iter=200).
You might also want to scale the data as shown in:
    https://scikit-learn.org/stable/modules/preprocessing.html
Please also refer to the documentation for alternative solver options:
    https://scikit-learn.org/stable/modules/linear_model.html#logistic-regression
  n_iter_i = _check_optimize_result(
  probe y: n=162
/home/reuellee_gmail_com/.local/lib/python3.11/site-packages/sklearn/linear_model/_logistic.py:599: ConvergenceWarning: lbfgs failed to converge after 200 iteration(s) (status=1):
STOP: TOTAL NO. OF ITERATIONS REACHED LIMIT

Increase the number of iterations to improve the convergence (max_iter=200).
You might also want to scale the data as shown in:
    https://scikit-learn.org/stable/modules/preprocessing.html
Please also refer to the documentation for alternative solver options:
    https://scikit-learn.org/stable/modules/linear_model.html#logistic-regression
  n_iter_i = _check_optimize_result(
/home/reuellee_gmail_com/.local/lib/python3.11/site-packages/sklearn/linear_model/_logistic.py:599: ConvergenceWarning: lbfgs failed to converge after 200 iteration(s) (status=1):
STOP: TOTAL NO. OF ITERATIONS REACHED LIMIT

Increase the number of iterations to improve the convergence (max_iter=200).
You might also want to scale the data as shown in:
    https://scikit-learn.org/stable/modules/preprocessing.html
Please also refer to the documentation for alternative solver options:
    https://scikit-learn.org/stable/modules/linear_model.html#logistic-regression
  n_iter_i = _check_optimize_result(
/home/reuellee_gmail_com/.local/lib/python3.11/site-packages/sklearn/linear_model/_logistic.py:599: ConvergenceWarning: lbfgs failed to converge after 200 iteration(s) (status=1):
STOP: TOTAL NO. OF ITERATIONS REACHED LIMIT

Increase the number of iterations to improve the convergence (max_iter=200).
You might also want to scale the data as shown in:
    https://scikit-learn.org/stable/modules/preprocessing.html
Please also refer to the documentation for alternative solver options:
    https://scikit-learn.org/stable/modules/linear_model.html#logistic-regression
  n_iter_i = _check_optimize_result(
/home/reuellee_gmail_com/.local/lib/python3.11/site-packages/sklearn/linear_model/_logistic.py:599: ConvergenceWarning: lbfgs failed to converge after 200 iteration(s) (status=1):
STOP: TOTAL NO. OF ITERATIONS REACHED LIMIT

Increase the number of iterations to improve the convergence (max_iter=200).
You might also want to scale the data as shown in:
    https://scikit-learn.org/stable/modules/preprocessing.html
Please also refer to the documentation for alternative solver options:
    https://scikit-learn.org/stable/modules/linear_model.html#logistic-regression
  n_iter_i = _check_optimize_result(
/home/reuellee_gmail_com/.local/lib/python3.11/site-packages/sklearn/linear_model/_logistic.py:599: ConvergenceWarning: lbfgs failed to converge after 200 iteration(s) (status=1):
STOP: TOTAL NO. OF ITERATIONS REACHED LIMIT

Increase the number of iterations to improve the convergence (max_iter=200).
You might also want to scale the data as shown in:
    https://scikit-learn.org/stable/modules/preprocessing.html
Please also refer to the documentation for alternative solver options:
    https://scikit-learn.org/stable/modules/linear_model.html#logistic-regression
  n_iter_i = _check_optimize_result(
  probe z: n=311
scoring /home/reuellee_gmail_com/r15/sae/layer_22_width_16k_l0_medium/ (layer 22 activations)
  encoder variant=raw (batch L0 raw=48.9 centered=412.8 cfg=60)
  layer_22_width_16k_l0_medium: single=0.1122 family=0.0613 L0=49.2/cfg60 fvu=0.350
layer 7: words=(24000, 1152) letters=26; fitting SAE-independent probes...
/home/reuellee_gmail_com/.local/lib/python3.11/site-packages/sklearn/linear_model/_logistic.py:599: ConvergenceWarning: lbfgs failed to converge after 200 iteration(s) (status=1):
STOP: TOTAL NO. OF ITERATIONS REACHED LIMIT

Increase the number of iterations to improve the convergence (max_iter=200).
You might also want to scale the data as shown in:
    https://scikit-learn.org/stable/modules/preprocessing.html
Please also refer to the documentation for alternative solver options:
    https://scikit-learn.org/stable/modules/linear_model.html#logistic-regression
  n_iter_i = _check_optimize_result(
/home/reuellee_gmail_com/.local/lib/python3.11/site-packages/sklearn/linear_model/_logistic.py:599: ConvergenceWarning: lbfgs failed to converge after 200 iteration(s) (status=1):
STOP: TOTAL NO. OF ITERATIONS REACHED LIMIT

Increase the number of iterations to improve the convergence (max_iter=200).
You might also want to scale the data as shown in:
    https://scikit-learn.org/stable/modules/preprocessing.html
Please also refer to the documentation for alternative solver options:
    https://scikit-learn.org/stable/modules/linear_model.html#logistic-regression
  n_iter_i = _check_optimize_result(
/home/reuellee_gmail_com/.local/lib/python3.11/site-packages/sklearn/linear_model/_logistic.py:599: ConvergenceWarning: lbfgs failed to converge after 200 iteration(s) (status=1):
STOP: TOTAL NO. OF ITERATIONS REACHED LIMIT

Increase the number of iterations to improve the convergence (max_iter=200).
You might also want to scale the data as shown in:
    https://scikit-learn.org/stable/modules/preprocessing.html
Please also refer to the documentation for alternative solver options:
    https://scikit-learn.org/stable/modules/linear_model.html#logistic-regression
  n_iter_i = _check_optimize_result(
/home/reuellee_gmail_com/.local/lib/python3.11/site-packages/sklearn/linear_model/_logistic.py:599: ConvergenceWarning: lbfgs failed to converge after 200 iteration(s) (status=1):
STOP: TOTAL NO. OF ITERATIONS REACHED LIMIT

Increase the number of iterations to improve the convergence (max_iter=200).
You might also want to scale the data as shown in:
    https://scikit-learn.org/stable/modules/preprocessing.html
Please also refer to the documentation for alternative solver options:
    https://scikit-learn.org/stable/modules/linear_model.html#logistic-regression
  n_iter_i = _check_optimize_result(
/home/reuellee_gmail_com/.local/lib/python3.11/site-packages/sklearn/linear_model/_logistic.py:599: ConvergenceWarning: lbfgs failed to converge after 200 iteration(s) (status=1):
STOP: TOTAL NO. OF ITERATIONS REACHED LIMIT

Increase the number of iterations to improve the convergence (max_iter=200).
You might also want to scale the data as shown in:
    https://scikit-learn.org/stable/modules/preprocessing.html
Please also refer to the documentation for alternative solver options:
    https://scikit-learn.org/stable/modules/linear_model.html#logistic-regression
  n_iter_i = _check_optimize_result(
/home/reuellee_gmail_com/.local/lib/python3.11/site-packages/sklearn/linear_model/_logistic.py:599: ConvergenceWarning: lbfgs failed to converge after 200 iteration(s) (status=1):
STOP: TOTAL NO. OF ITERATIONS REACHED LIMIT

Increase the number of iterations to improve the convergence (max_iter=200).
You might also want to scale the data as shown in:
    https://scikit-learn.org/stable/modules/preprocessing.html
Please also refer to the documentation for alternative solver options:
    https://scikit-learn.org/stable/modules/linear_model.html#logistic-regression
  n_iter_i = _check_optimize_result(
  probe a: n=1243
/home/reuellee_gmail_com/.local/lib/python3.11/site-packages/sklearn/linear_model/_logistic.py:599: ConvergenceWarning: lbfgs failed to converge after 200 iteration(s) (status=1):
STOP: TOTAL NO. OF ITERATIONS REACHED LIMIT

Increase the number of iterations to improve the convergence (max_iter=200).
You might also want to scale the data as shown in:
    https://scikit-learn.org/stable/modules/preprocessing.html
Please also refer to the documentation for alternative solver options:
    https://scikit-learn.org/stable/modules/linear_model.html#logistic-regression
  n_iter_i = _check_optimize_result(
/home/reuellee_gmail_com/.local/lib/python3.11/site-packages/sklearn/linear_model/_logistic.py:599: ConvergenceWarning: lbfgs failed to converge after 200 iteration(s) (status=1):
STOP: TOTAL NO. OF ITERATIONS REACHED LIMIT

Increase the number of iterations to improve the convergence (max_iter=200).
You might also want to scale the data as shown in:
    https://scikit-learn.org/stable/modules/preprocessing.html
Please also refer to the documentation for alternative solver options:
    https://scikit-learn.org/stable/modules/linear_model.html#logistic-regression
  n_iter_i = _check_optimize_result(
/home/reuellee_gmail_com/.local/lib/python3.11/site-packages/sklearn/linear_model/_logistic.py:599: ConvergenceWarning: lbfgs failed to converge after 200 iteration(s) (status=1):
STOP: TOTAL NO. OF ITERATIONS REACHED LIMIT

Increase the number of iterations to improve the convergence (max_iter=200).
You might also want to scale the data as shown in:
    https://scikit-learn.org/stable/modules/preprocessing.html
Please also refer to the documentation for alternative solver options:
    https://scikit-learn.org/stable/modules/linear_model.html#logistic-regression
  n_iter_i = _check_optimize_result(
/home/reuellee_gmail_com/.local/lib/python3.11/site-packages/sklearn/linear_model/_logistic.py:599: ConvergenceWarning: lbfgs failed to converge after 200 iteration(s) (status=1):
STOP: TOTAL NO. OF ITERATIONS REACHED LIMIT

Increase the number of iterations to improve the convergence (max_iter=200).
You might also want to scale the data as shown in:
    https://scikit-learn.org/stable/modules/preprocessing.html
Please also refer to the documentation for alternative solver options:
    https://scikit-learn.org/stable/modules/linear_model.html#logistic-regression
  n_iter_i = _check_optimize_result(
/home/reuellee_gmail_com/.local/lib/python3.11/site-packages/sklearn/linear_model/_logistic.py:599: ConvergenceWarning: lbfgs failed to converge after 200 iteration(s) (status=1):
STOP: TOTAL NO. OF ITERATIONS REACHED LIMIT

Increase the number of iterations to improve the convergence (max_iter=200).
You might also want to scale the data as shown in:
    https://scikit-learn.org/stable/modules/preprocessing.html
Please also refer to the documentation for alternative solver options:
    https://scikit-learn.org/stable/modules/linear_model.html#logistic-regression
  n_iter_i = _check_optimize_result(
/home/reuellee_gmail_com/.local/lib/python3.11/site-packages/sklearn/linear_model/_logistic.py:599: ConvergenceWarning: lbfgs failed to converge after 200 iteration(s) (status=1):
STOP: TOTAL NO. OF ITERATIONS REACHED LIMIT

Increase the number of iterations to improve the convergence (max_iter=200).
You might also want to scale the data as shown in:
    https://scikit-learn.org/stable/modules/preprocessing.html
Please also refer to the documentation for alternative solver options:
    https://scikit-learn.org/stable/modules/linear_model.html#logistic-regression
  n_iter_i = _check_optimize_result(
  probe b: n=1079
/home/reuellee_gmail_com/.local/lib/python3.11/site-packages/sklearn/linear_model/_logistic.py:599: ConvergenceWarning: lbfgs failed to converge after 200 iteration(s) (status=1):
STOP: TOTAL NO. OF ITERATIONS REACHED LIMIT

Increase the number of iterations to improve the convergence (max_iter=200).
You might also want to scale the data as shown in:
    https://scikit-learn.org/stable/modules/preprocessing.html
Please also refer to the documentation for alternative solver options:
    https://scikit-learn.org/stable/modules/linear_model.html#logistic-regression
  n_iter_i = _check_optimize_result(
/home/reuellee_gmail_com/.local/lib/python3.11/site-packages/sklearn/linear_model/_logistic.py:599: ConvergenceWarning: lbfgs failed to converge after 200 iteration(s) (status=1):
STOP: TOTAL NO. OF ITERATIONS REACHED LIMIT

Increase the number of iterations to improve the convergence (max_iter=200).
You might also want to scale the data as shown in:
    https://scikit-learn.org/stable/modules/preprocessing.html
Please also refer to the documentation for alternative solver options:
    https://scikit-learn.org/stable/modules/linear_model.html#logistic-regression
  n_iter_i = _check_optimize_result(
/home/reuellee_gmail_com/.local/lib/python3.11/site-packages/sklearn/linear_model/_logistic.py:599: ConvergenceWarning: lbfgs failed to converge after 200 iteration(s) (status=1):
STOP: TOTAL NO. OF ITERATIONS REACHED LIMIT

Increase the number of iterations to improve the convergence (max_iter=200).
You might also want to scale the data as shown in:
    https://scikit-learn.org/stable/modules/preprocessing.html
Please also refer to the documentation for alternative solver options:
    https://scikit-learn.org/stable/modules/linear_model.html#logistic-regression
  n_iter_i = _check_optimize_result(
/home/reuellee_gmail_com/.local/lib/python3.11/site-packages/sklearn/linear_model/_logistic.py:599: ConvergenceWarning: lbfgs failed to converge after 200 iteration(s) (status=1):
STOP: TOTAL NO. OF ITERATIONS REACHED LIMIT

Increase the number of iterations to improve the convergence (max_iter=200).
You might also want to scale the data as shown in:
    https://scikit-learn.org/stable/modules/preprocessing.html
Please also refer to the documentation for alternative solver options:
    https://scikit-learn.org/stable/modules/linear_model.html#logistic-regression
  n_iter_i = _check_optimize_result(
/home/reuellee_gmail_com/.local/lib/python3.11/site-packages/sklearn/linear_model/_logistic.py:599: ConvergenceWarning: lbfgs failed to converge after 200 iteration(s) (status=1):
STOP: TOTAL NO. OF ITERATIONS REACHED LIMIT

Increase the number of iterations to improve the convergence (max_iter=200).
You might also want to scale the data as shown in:
    https://scikit-learn.org/stable/modules/preprocessing.html
Please also refer to the documentation for alternative solver options:
    https://scikit-learn.org/stable/modules/linear_model.html#logistic-regression
  n_iter_i = _check_optimize_result(
/home/reuellee_gmail_com/.local/lib/python3.11/site-packages/sklearn/linear_model/_logistic.py:599: ConvergenceWarning: lbfgs failed to converge after 200 iteration(s) (status=1):
STOP: TOTAL NO. OF ITERATIONS REACHED LIMIT

Increase the number of iterations to improve the convergence (max_iter=200).
You might also want to scale the data as shown in:
    https://scikit-learn.org/stable/modules/preprocessing.html
Please also refer to the documentation for alternative solver options:
    https://scikit-learn.org/stable/modules/linear_model.html#logistic-regression
  n_iter_i = _check_optimize_result(
  probe c: n=1348
/home/reuellee_gmail_com/.local/lib/python3.11/site-packages/sklearn/linear_model/_logistic.py:599: ConvergenceWarning: lbfgs failed to converge after 200 iteration(s) (status=1):
STOP: TOTAL NO. OF ITERATIONS REACHED LIMIT

Increase the number of iterations to improve the convergence (max_iter=200).
You might also want to scale the data as shown in:
    https://scikit-learn.org/stable/modules/preprocessing.html
Please also refer to the documentation for alternative solver options:
    https://scikit-learn.org/stable/modules/linear_model.html#logistic-regression
  n_iter_i = _check_optimize_result(
/home/reuellee_gmail_com/.local/lib/python3.11/site-packages/sklearn/linear_model/_logistic.py:599: ConvergenceWarning: lbfgs failed to converge after 200 iteration(s) (status=1):
STOP: TOTAL NO. OF ITERATIONS REACHED LIMIT

Increase the number of iterations to improve the convergence (max_iter=200).
You might also want to scale the data as shown in:
    https://scikit-learn.org/stable/modules/preprocessing.html
Please also refer to the documentation for alternative solver options:
    https://scikit-learn.org/stable/modules/linear_model.html#logistic-regression
  n_iter_i = _check_optimize_result(
/home/reuellee_gmail_com/.local/lib/python3.11/site-packages/sklearn/linear_model/_logistic.py:599: ConvergenceWarning: lbfgs failed to converge after 200 iteration(s) (status=1):
STOP: TOTAL NO. OF ITERATIONS REACHED LIMIT

Increase the number of iterations to improve the convergence (max_iter=200).
You might also want to scale the data as shown in:
    https://scikit-learn.org/stable/modules/preprocessing.html
Please also refer to the documentation for alternative solver options:
    https://scikit-learn.org/stable/modules/linear_model.html#logistic-regression
  n_iter_i = _check_optimize_result(
/home/reuellee_gmail_com/.local/lib/python3.11/site-packages/sklearn/linear_model/_logistic.py:599: ConvergenceWarning: lbfgs failed to converge after 200 iteration(s) (status=1):
STOP: TOTAL NO. OF ITERATIONS REACHED LIMIT

Increase the number of iterations to improve the convergence (max_iter=200).
You might also want to scale the data as shown in:
    https://scikit-learn.org/stable/modules/preprocessing.html
Please also refer to the documentation for alternative solver options:
    https://scikit-learn.org/stable/modules/linear_model.html#logistic-regression
  n_iter_i = _check_optimize_result(
/home/reuellee_gmail_com/.local/lib/python3.11/site-packages/sklearn/linear_model/_logistic.py:599: ConvergenceWarning: lbfgs failed to converge after 200 iteration(s) (status=1):
STOP: TOTAL NO. OF ITERATIONS REACHED LIMIT

Increase the number of iterations to improve the convergence (max_iter=200).
You might also want to scale the data as shown in:
    https://scikit-learn.org/stable/modules/preprocessing.html
Please also refer to the documentation for alternative solver options:
    https://scikit-learn.org/stable/modules/linear_model.html#logistic-regression
  n_iter_i = _check_optimize_result(
/home/reuellee_gmail_com/.local/lib/python3.11/site-packages/sklearn/linear_model/_logistic.py:599: ConvergenceWarning: lbfgs failed to converge after 200 iteration(s) (status=1):
STOP: TOTAL NO. OF ITERATIONS REACHED LIMIT

Increase the number of iterations to improve the convergence (max_iter=200).
You might also want to scale the data as shown in:
    https://scikit-learn.org/stable/modules/preprocessing.html
Please also refer to the documentation for alternative solver options:
    https://scikit-learn.org/stable/modules/linear_model.html#logistic-regression
  n_iter_i = _check_optimize_result(
  probe d: n=1181
/home/reuellee_gmail_com/.local/lib/python3.11/site-packages/sklearn/linear_model/_logistic.py:599: ConvergenceWarning: lbfgs failed to converge after 200 iteration(s) (status=1):
STOP: TOTAL NO. OF ITERATIONS REACHED LIMIT

Increase the number of iterations to improve the convergence (max_iter=200).
You might also want to scale the data as shown in:
    https://scikit-learn.org/stable/modules/preprocessing.html
Please also refer to the documentation for alternative solver options:
    https://scikit-learn.org/stable/modules/linear_model.html#logistic-regression
  n_iter_i = _check_optimize_result(
/home/reuellee_gmail_com/.local/lib/python3.11/site-packages/sklearn/linear_model/_logistic.py:599: ConvergenceWarning: lbfgs failed to converge after 200 iteration(s) (status=1):
STOP: TOTAL NO. OF ITERATIONS REACHED LIMIT

Increase the number of iterations to improve the convergence (max_iter=200).
You might also want to scale the data as shown in:
    https://scikit-learn.org/stable/modules/preprocessing.html
Please also refer to the documentation for alternative solver options:
    https://scikit-learn.org/stable/modules/linear_model.html#logistic-regression
  n_iter_i = _check_optimize_result(
/home/reuellee_gmail_com/.local/lib/python3.11/site-packages/sklearn/linear_model/_logistic.py:599: ConvergenceWarning: lbfgs failed to converge after 200 iteration(s) (status=1):
STOP: TOTAL NO. OF ITERATIONS REACHED LIMIT

Increase the number of iterations to improve the convergence (max_iter=200).
You might also want to scale the data as shown in:
    https://scikit-learn.org/stable/modules/preprocessing.html
Please also refer to the documentation for alternative solver options:
    https://scikit-learn.org/stable/modules/linear_model.html#logistic-regression
  n_iter_i = _check_optimize_result(
/home/reuellee_gmail_com/.local/lib/python3.11/site-packages/sklearn/linear_model/_logistic.py:599: ConvergenceWarning: lbfgs failed to converge after 200 iteration(s) (status=1):
STOP: TOTAL NO. OF ITERATIONS REACHED LIMIT

Increase the number of iterations to improve the convergence (max_iter=200).
You might also want to scale the data as shown in:
    https://scikit-learn.org/stable/modules/preprocessing.html
Please also refer to the documentation for alternative solver options:
    https://scikit-learn.org/stable/modules/linear_model.html#logistic-regression
  n_iter_i = _check_optimize_result(
/home/reuellee_gmail_com/.local/lib/python3.11/site-packages/sklearn/linear_model/_logistic.py:599: ConvergenceWarning: lbfgs failed to converge after 200 iteration(s) (status=1):
STOP: TOTAL NO. OF ITERATIONS REACHED LIMIT

Increase the number of iterations to improve the convergence (max_iter=200).
You might also want to scale the data as shown in:
    https://scikit-learn.org/stable/modules/preprocessing.html
Please also refer to the documentation for alternative solver options:
    https://scikit-learn.org/stable/modules/linear_model.html#logistic-regression
  n_iter_i = _check_optimize_result(
/home/reuellee_gmail_com/.local/lib/python3.11/site-packages/sklearn/linear_model/_logistic.py:599: ConvergenceWarning: lbfgs failed to converge after 200 iteration(s) (status=1):
STOP: TOTAL NO. OF ITERATIONS REACHED LIMIT

Increase the number of iterations to improve the convergence (max_iter=200).
You might also want to scale the data as shown in:
    https://scikit-learn.org/stable/modules/preprocessing.html
Please also refer to the documentation for alternative solver options:
    https://scikit-learn.org/stable/modules/linear_model.html#logistic-regression
  n_iter_i = _check_optimize_result(
  probe e: n=1092
/home/reuellee_gmail_com/.local/lib/python3.11/site-packages/sklearn/linear_model/_logistic.py:599: ConvergenceWarning: lbfgs failed to converge after 200 iteration(s) (status=1):
STOP: TOTAL NO. OF ITERATIONS REACHED LIMIT

Increase the number of iterations to improve the convergence (max_iter=200).
You might also want to scale the data as shown in:
    https://scikit-learn.org/stable/modules/preprocessing.html
Please also refer to the documentation for alternative solver options:
    https://scikit-learn.org/stable/modules/linear_model.html#logistic-regression
  n_iter_i = _check_optimize_result(
/home/reuellee_gmail_com/.local/lib/python3.11/site-packages/sklearn/linear_model/_logistic.py:599: ConvergenceWarning: lbfgs failed to converge after 200 iteration(s) (status=1):
STOP: TOTAL NO. OF ITERATIONS REACHED LIMIT

Increase the number of iterations to improve the convergence (max_iter=200).
You might also want to scale the data as shown in:
    https://scikit-learn.org/stable/modules/preprocessing.html
Please also refer to the documentation for alternative solver options:
    https://scikit-learn.org/stable/modules/linear_model.html#logistic-regression
  n_iter_i = _check_optimize_result(
/home/reuellee_gmail_com/.local/lib/python3.11/site-packages/sklearn/linear_model/_logistic.py:599: ConvergenceWarning: lbfgs failed to converge after 200 iteration(s) (status=1):
STOP: TOTAL NO. OF ITERATIONS REACHED LIMIT

Increase the number of iterations to improve the convergence (max_iter=200).
You might also want to scale the data as shown in:
    https://scikit-learn.org/stable/modules/preprocessing.html
Please also refer to the documentation for alternative solver options:
    https://scikit-learn.org/stable/modules/linear_model.html#logistic-regression
  n_iter_i = _check_optimize_result(
/home/reuellee_gmail_com/.local/lib/python3.11/site-packages/sklearn/linear_model/_logistic.py:599: ConvergenceWarning: lbfgs failed to converge after 200 iteration(s) (status=1):
STOP: TOTAL NO. OF ITERATIONS REACHED LIMIT

Increase the number of iterations to improve the convergence (max_iter=200).
You might also want to scale the data as shown in:
    https://scikit-learn.org/stable/modules/preprocessing.html
Please also refer to the documentation for alternative solver options:
    https://scikit-learn.org/stable/modules/linear_model.html#logistic-regression
  n_iter_i = _check_optimize_result(
/home/reuellee_gmail_com/.local/lib/python3.11/site-packages/sklearn/linear_model/_logistic.py:599: ConvergenceWarning: lbfgs failed to converge after 200 iteration(s) (status=1):
STOP: TOTAL NO. OF ITERATIONS REACHED LIMIT

Increase the number of iterations to improve the convergence (max_iter=200).
You might also want to scale the data as shown in:
    https://scikit-learn.org/stable/modules/preprocessing.html
Please also refer to the documentation for alternative solver options:
    https://scikit-learn.org/stable/modules/linear_model.html#logistic-regression
  n_iter_i = _check_optimize_result(
/home/reuellee_gmail_com/.local/lib/python3.11/site-packages/sklearn/linear_model/_logistic.py:599: ConvergenceWarning: lbfgs failed to converge after 200 iteration(s) (status=1):
STOP: TOTAL NO. OF ITERATIONS REACHED LIMIT

Increase the number of iterations to improve the convergence (max_iter=200).
You might also want to scale the data as shown in:
    https://scikit-learn.org/stable/modules/preprocessing.html
Please also refer to the documentation for alternative solver options:
    https://scikit-learn.org/stable/modules/linear_model.html#logistic-regression
  n_iter_i = _check_optimize_result(
  probe f: n=1046
/home/reuellee_gmail_com/.local/lib/python3.11/site-packages/sklearn/linear_model/_logistic.py:599: ConvergenceWarning: lbfgs failed to converge after 200 iteration(s) (status=1):
STOP: TOTAL NO. OF ITERATIONS REACHED LIMIT

Increase the number of iterations to improve the convergence (max_iter=200).
You might also want to scale the data as shown in:
    https://scikit-learn.org/stable/modules/preprocessing.html
Please also refer to the documentation for alternative solver options:
    https://scikit-learn.org/stable/modules/linear_model.html#logistic-regression
  n_iter_i = _check_optimize_result(
/home/reuellee_gmail_com/.local/lib/python3.11/site-packages/sklearn/linear_model/_logistic.py:599: ConvergenceWarning: lbfgs failed to converge after 200 iteration(s) (status=1):
STOP: TOTAL NO. OF ITERATIONS REACHED LIMIT

Increase the number of iterations to improve the convergence (max_iter=200).
You might also want to scale the data as shown in:
    https://scikit-learn.org/stable/modules/preprocessing.html
Please also refer to the documentation for alternative solver options:
    https://scikit-learn.org/stable/modules/linear_model.html#logistic-regression
  n_iter_i = _check_optimize_result(
/home/reuellee_gmail_com/.local/lib/python3.11/site-packages/sklearn/linear_model/_logistic.py:599: ConvergenceWarning: lbfgs failed to converge after 200 iteration(s) (status=1):
STOP: TOTAL NO. OF ITERATIONS REACHED LIMIT

Increase the number of iterations to improve the convergence (max_iter=200).
You might also want to scale the data as shown in:
    https://scikit-learn.org/stable/modules/preprocessing.html
Please also refer to the documentation for alternative solver options:
    https://scikit-learn.org/stable/modules/linear_model.html#logistic-regression
  n_iter_i = _check_optimize_result(
/home/reuellee_gmail_com/.local/lib/python3.11/site-packages/sklearn/linear_model/_logistic.py:599: ConvergenceWarning: lbfgs failed to converge after 200 iteration(s) (status=1):
STOP: TOTAL NO. OF ITERATIONS REACHED LIMIT

Increase the number of iterations to improve the convergence (max_iter=200).
You might also want to scale the data as shown in:
    https://scikit-learn.org/stable/modules/preprocessing.html
Please also refer to the documentation for alternative solver options:
    https://scikit-learn.org/stable/modules/linear_model.html#logistic-regression
  n_iter_i = _check_optimize_result(
/home/reuellee_gmail_com/.local/lib/python3.11/site-packages/sklearn/linear_model/_logistic.py:599: ConvergenceWarning: lbfgs failed to converge after 200 iteration(s) (status=1):
STOP: TOTAL NO. OF ITERATIONS REACHED LIMIT

Increase the number of iterations to improve the convergence (max_iter=200).
You might also want to scale the data as shown in:
    https://scikit-learn.org/stable/modules/preprocessing.html
Please also refer to the documentation for alternative solver options:
    https://scikit-learn.org/stable/modules/linear_model.html#logistic-regression
  n_iter_i = _check_optimize_result(
/home/reuellee_gmail_com/.local/lib/python3.11/site-packages/sklearn/linear_model/_logistic.py:599: ConvergenceWarning: lbfgs failed to converge after 200 iteration(s) (status=1):
STOP: TOTAL NO. OF ITERATIONS REACHED LIMIT

Increase the number of iterations to improve the convergence (max_iter=200).
You might also want to scale the data as shown in:
    https://scikit-learn.org/stable/modules/preprocessing.html
Please also refer to the documentation for alternative solver options:
    https://scikit-learn.org/stable/modules/linear_model.html#logistic-regression
  n_iter_i = _check_optimize_result(
  probe g: n=979
/home/reuellee_gmail_com/.local/lib/python3.11/site-packages/sklearn/linear_model/_logistic.py:599: ConvergenceWarning: lbfgs failed to converge after 200 iteration(s) (status=1):
STOP: TOTAL NO. OF ITERATIONS REACHED LIMIT

Increase the number of iterations to improve the convergence (max_iter=200).
You might also want to scale the data as shown in:
    https://scikit-learn.org/stable/modules/preprocessing.html
Please also refer to the documentation for alternative solver options:
    https://scikit-learn.org/stable/modules/linear_model.html#logistic-regression
  n_iter_i = _check_optimize_result(
/home/reuellee_gmail_com/.local/lib/python3.11/site-packages/sklearn/linear_model/_logistic.py:599: ConvergenceWarning: lbfgs failed to converge after 200 iteration(s) (status=1):
STOP: TOTAL NO. OF ITERATIONS REACHED LIMIT

Increase the number of iterations to improve the convergence (max_iter=200).
You might also want to scale the data as shown in:
    https://scikit-learn.org/stable/modules/preprocessing.html
Please also refer to the documentation for alternative solver options:
    https://scikit-learn.org/stable/modules/linear_model.html#logistic-regression
  n_iter_i = _check_optimize_result(
/home/reuellee_gmail_com/.local/lib/python3.11/site-packages/sklearn/linear_model/_logistic.py:599: ConvergenceWarning: lbfgs failed to converge after 200 iteration(s) (status=1):
STOP: TOTAL NO. OF ITERATIONS REACHED LIMIT

Increase the number of iterations to improve the convergence (max_iter=200).
You might also want to scale the data as shown in:
    https://scikit-learn.org/stable/modules/preprocessing.html
Please also refer to the documentation for alternative solver options:
    https://scikit-learn.org/stable/modules/linear_model.html#logistic-regression
  n_iter_i = _check_optimize_result(
/home/reuellee_gmail_com/.local/lib/python3.11/site-packages/sklearn/linear_model/_logistic.py:599: ConvergenceWarning: lbfgs failed to converge after 200 iteration(s) (status=1):
STOP: TOTAL NO. OF ITERATIONS REACHED LIMIT

Increase the number of iterations to improve the convergence (max_iter=200).
You might also want to scale the data as shown in:
    https://scikit-learn.org/stable/modules/preprocessing.html
Please also refer to the documentation for alternative solver options:
    https://scikit-learn.org/stable/modules/linear_model.html#logistic-regression
  n_iter_i = _check_optimize_result(
/home/reuellee_gmail_com/.local/lib/python3.11/site-packages/sklearn/linear_model/_logistic.py:599: ConvergenceWarning: lbfgs failed to converge after 200 iteration(s) (status=1):
STOP: TOTAL NO. OF ITERATIONS REACHED LIMIT

Increase the number of iterations to improve the convergence (max_iter=200).
You might also want to scale the data as shown in:
    https://scikit-learn.org/stable/modules/preprocessing.html
Please also refer to the documentation for alternative solver options:
    https://scikit-learn.org/stable/modules/linear_model.html#logistic-regression
  n_iter_i = _check_optimize_result(
/home/reuellee_gmail_com/.local/lib/python3.11/site-packages/sklearn/linear_model/_logistic.py:599: ConvergenceWarning: lbfgs failed to converge after 200 iteration(s) (status=1):
STOP: TOTAL NO. OF ITERATIONS REACHED LIMIT

Increase the number of iterations to improve the convergence (max_iter=200).
You might also want to scale the data as shown in:
    https://scikit-learn.org/stable/modules/preprocessing.html
Please also refer to the documentation for alternative solver options:
    https://scikit-learn.org/stable/modules/linear_model.html#logistic-regression
  n_iter_i = _check_optimize_result(
  probe h: n=985
/home/reuellee_gmail_com/.local/lib/python3.11/site-packages/sklearn/linear_model/_logistic.py:599: ConvergenceWarning: lbfgs failed to converge after 200 iteration(s) (status=1):
STOP: TOTAL NO. OF ITERATIONS REACHED LIMIT

Increase the number of iterations to improve the convergence (max_iter=200).
You might also want to scale the data as shown in:
    https://scikit-learn.org/stable/modules/preprocessing.html
Please also refer to the documentation for alternative solver options:
    https://scikit-learn.org/stable/modules/linear_model.html#logistic-regression
  n_iter_i = _check_optimize_result(
/home/reuellee_gmail_com/.local/lib/python3.11/site-packages/sklearn/linear_model/_logistic.py:599: ConvergenceWarning: lbfgs failed to converge after 200 iteration(s) (status=1):
STOP: TOTAL NO. OF ITERATIONS REACHED LIMIT

Increase the number of iterations to improve the convergence (max_iter=200).
You might also want to scale the data as shown in:
    https://scikit-learn.org/stable/modules/preprocessing.html
Please also refer to the documentation for alternative solver options:
    https://scikit-learn.org/stable/modules/linear_model.html#logistic-regression
  n_iter_i = _check_optimize_result(
/home/reuellee_gmail_com/.local/lib/python3.11/site-packages/sklearn/linear_model/_logistic.py:599: ConvergenceWarning: lbfgs failed to converge after 200 iteration(s) (status=1):
STOP: TOTAL NO. OF ITERATIONS REACHED LIMIT

Increase the number of iterations to improve the convergence (max_iter=200).
You might also want to scale the data as shown in:
    https://scikit-learn.org/stable/modules/preprocessing.html
Please also refer to the documentation for alternative solver options:
    https://scikit-learn.org/stable/modules/linear_model.html#logistic-regression
  n_iter_i = _check_optimize_result(
/home/reuellee_gmail_com/.local/lib/python3.11/site-packages/sklearn/linear_model/_logistic.py:599: ConvergenceWarning: lbfgs failed to converge after 200 iteration(s) (status=1):
STOP: TOTAL NO. OF ITERATIONS REACHED LIMIT

Increase the number of iterations to improve the convergence (max_iter=200).
You might also want to scale the data as shown in:
    https://scikit-learn.org/stable/modules/preprocessing.html
Please also refer to the documentation for alternative solver options:
    https://scikit-learn.org/stable/modules/linear_model.html#logistic-regression
  n_iter_i = _check_optimize_result(
/home/reuellee_gmail_com/.local/lib/python3.11/site-packages/sklearn/linear_model/_logistic.py:599: ConvergenceWarning: lbfgs failed to converge after 200 iteration(s) (status=1):
STOP: TOTAL NO. OF ITERATIONS REACHED LIMIT

Increase the number of iterations to improve the convergence (max_iter=200).
You might also want to scale the data as shown in:
    https://scikit-learn.org/stable/modules/preprocessing.html
Please also refer to the documentation for alternative solver options:
    https://scikit-learn.org/stable/modules/linear_model.html#logistic-regression
  n_iter_i = _check_optimize_result(
/home/reuellee_gmail_com/.local/lib/python3.11/site-packages/sklearn/linear_model/_logistic.py:599: ConvergenceWarning: lbfgs failed to converge after 200 iteration(s) (status=1):
STOP: TOTAL NO. OF ITERATIONS REACHED LIMIT

Increase the number of iterations to improve the convergence (max_iter=200).
You might also want to scale the data as shown in:
    https://scikit-learn.org/stable/modules/preprocessing.html
Please also refer to the documentation for alternative solver options:
    https://scikit-learn.org/stable/modules/linear_model.html#logistic-regression
  n_iter_i = _check_optimize_result(
  probe i: n=1044
/home/reuellee_gmail_com/.local/lib/python3.11/site-packages/sklearn/linear_model/_logistic.py:599: ConvergenceWarning: lbfgs failed to converge after 200 iteration(s) (status=1):
STOP: TOTAL NO. OF ITERATIONS REACHED LIMIT

Increase the number of iterations to improve the convergence (max_iter=200).
You might also want to scale the data as shown in:
    https://scikit-learn.org/stable/modules/preprocessing.html
Please also refer to the documentation for alternative solver options:
    https://scikit-learn.org/stable/modules/linear_model.html#logistic-regression
  n_iter_i = _check_optimize_result(
/home/reuellee_gmail_com/.local/lib/python3.11/site-packages/sklearn/linear_model/_logistic.py:599: ConvergenceWarning: lbfgs failed to converge after 200 iteration(s) (status=1):
STOP: TOTAL NO. OF ITERATIONS REACHED LIMIT

Increase the number of iterations to improve the convergence (max_iter=200).
You might also want to scale the data as shown in:
    https://scikit-learn.org/stable/modules/preprocessing.html
Please also refer to the documentation for alternative solver options:
    https://scikit-learn.org/stable/modules/linear_model.html#logistic-regression
  n_iter_i = _check_optimize_result(
/home/reuellee_gmail_com/.local/lib/python3.11/site-packages/sklearn/linear_model/_logistic.py:599: ConvergenceWarning: lbfgs failed to converge after 200 iteration(s) (status=1):
STOP: TOTAL NO. OF ITERATIONS REACHED LIMIT

Increase the number of iterations to improve the convergence (max_iter=200).
You might also want to scale the data as shown in:
    https://scikit-learn.org/stable/modules/preprocessing.html
Please also refer to the documentation for alternative solver options:
    https://scikit-learn.org/stable/modules/linear_model.html#logistic-regression
  n_iter_i = _check_optimize_result(
/home/reuellee_gmail_com/.local/lib/python3.11/site-packages/sklearn/linear_model/_logistic.py:599: ConvergenceWarning: lbfgs failed to converge after 200 iteration(s) (status=1):
STOP: TOTAL NO. OF ITERATIONS REACHED LIMIT

Increase the number of iterations to improve the convergence (max_iter=200).
You might also want to scale the data as shown in:
    https://scikit-learn.org/stable/modules/preprocessing.html
Please also refer to the documentation for alternative solver options:
    https://scikit-learn.org/stable/modules/linear_model.html#logistic-regression
  n_iter_i = _check_optimize_result(
/home/reuellee_gmail_com/.local/lib/python3.11/site-packages/sklearn/linear_model/_logistic.py:599: ConvergenceWarning: lbfgs failed to converge after 200 iteration(s) (status=1):
STOP: TOTAL NO. OF ITERATIONS REACHED LIMIT

Increase the number of iterations to improve the convergence (max_iter=200).
You might also want to scale the data as shown in:
    https://scikit-learn.org/stable/modules/preprocessing.html
Please also refer to the documentation for alternative solver options:
    https://scikit-learn.org/stable/modules/linear_model.html#logistic-regression
  n_iter_i = _check_optimize_result(
/home/reuellee_gmail_com/.local/lib/python3.11/site-packages/sklearn/linear_model/_logistic.py:599: ConvergenceWarning: lbfgs failed to converge after 200 iteration(s) (status=1):
STOP: TOTAL NO. OF ITERATIONS REACHED LIMIT

Increase the number of iterations to improve the convergence (max_iter=200).
You might also want to scale the data as shown in:
    https://scikit-learn.org/stable/modules/preprocessing.html
Please also refer to the documentation for alternative solver options:
    https://scikit-learn.org/stable/modules/linear_model.html#logistic-regression
  n_iter_i = _check_optimize_result(
  probe j: n=513
/home/reuellee_gmail_com/.local/lib/python3.11/site-packages/sklearn/linear_model/_logistic.py:599: ConvergenceWarning: lbfgs failed to converge after 200 iteration(s) (status=1):
STOP: TOTAL NO. OF ITERATIONS REACHED LIMIT

Increase the number of iterations to improve the convergence (max_iter=200).
You might also want to scale the data as shown in:
    https://scikit-learn.org/stable/modules/preprocessing.html
Please also refer to the documentation for alternative solver options:
    https://scikit-learn.org/stable/modules/linear_model.html#logistic-regression
  n_iter_i = _check_optimize_result(
/home/reuellee_gmail_com/.local/lib/python3.11/site-packages/sklearn/linear_model/_logistic.py:599: ConvergenceWarning: lbfgs failed to converge after 200 iteration(s) (status=1):
STOP: TOTAL NO. OF ITERATIONS REACHED LIMIT

Increase the number of iterations to improve the convergence (max_iter=200).
You might also want to scale the data as shown in:
    https://scikit-learn.org/stable/modules/preprocessing.html
Please also refer to the documentation for alternative solver options:
    https://scikit-learn.org/stable/modules/linear_model.html#logistic-regression
  n_iter_i = _check_optimize_result(
/home/reuellee_gmail_com/.local/lib/python3.11/site-packages/sklearn/linear_model/_logistic.py:599: ConvergenceWarning: lbfgs failed to converge after 200 iteration(s) (status=1):
STOP: TOTAL NO. OF ITERATIONS REACHED LIMIT

Increase the number of iterations to improve the convergence (max_iter=200).
You might also want to scale the data as shown in:
    https://scikit-learn.org/stable/modules/preprocessing.html
Please also refer to the documentation for alternative solver options:
    https://scikit-learn.org/stable/modules/linear_model.html#logistic-regression
  n_iter_i = _check_optimize_result(
/home/reuellee_gmail_com/.local/lib/python3.11/site-packages/sklearn/linear_model/_logistic.py:599: ConvergenceWarning: lbfgs failed to converge after 200 iteration(s) (status=1):
STOP: TOTAL NO. OF ITERATIONS REACHED LIMIT

Increase the number of iterations to improve the convergence (max_iter=200).
You might also want to scale the data as shown in:
    https://scikit-learn.org/stable/modules/preprocessing.html
Please also refer to the documentation for alternative solver options:
    https://scikit-learn.org/stable/modules/linear_model.html#logistic-regression
  n_iter_i = _check_optimize_result(
/home/reuellee_gmail_com/.local/lib/python3.11/site-packages/sklearn/linear_model/_logistic.py:599: ConvergenceWarning: lbfgs failed to converge after 200 iteration(s) (status=1):
STOP: TOTAL NO. OF ITERATIONS REACHED LIMIT

Increase the number of iterations to improve the convergence (max_iter=200).
You might also want to scale the data as shown in:
    https://scikit-learn.org/stable/modules/preprocessing.html
Please also refer to the documentation for alternative solver options:
    https://scikit-learn.org/stable/modules/linear_model.html#logistic-regression
  n_iter_i = _check_optimize_result(
/home/reuellee_gmail_com/.local/lib/python3.11/site-packages/sklearn/linear_model/_logistic.py:599: ConvergenceWarning: lbfgs failed to converge after 200 iteration(s) (status=1):
STOP: TOTAL NO. OF ITERATIONS REACHED LIMIT

Increase the number of iterations to improve the convergence (max_iter=200).
You might also want to scale the data as shown in:
    https://scikit-learn.org/stable/modules/preprocessing.html
Please also refer to the documentation for alternative solver options:
    https://scikit-learn.org/stable/modules/linear_model.html#logistic-regression
  n_iter_i = _check_optimize_result(
  probe k: n=934
/home/reuellee_gmail_com/.local/lib/python3.11/site-packages/sklearn/linear_model/_logistic.py:599: ConvergenceWarning: lbfgs failed to converge after 200 iteration(s) (status=1):
STOP: TOTAL NO. OF ITERATIONS REACHED LIMIT

Increase the number of iterations to improve the convergence (max_iter=200).
You might also want to scale the data as shown in:
    https://scikit-learn.org/stable/modules/preprocessing.html
Please also refer to the documentation for alternative solver options:
    https://scikit-learn.org/stable/modules/linear_model.html#logistic-regression
  n_iter_i = _check_optimize_result(
/home/reuellee_gmail_com/.local/lib/python3.11/site-packages/sklearn/linear_model/_logistic.py:599: ConvergenceWarning: lbfgs failed to converge after 200 iteration(s) (status=1):
STOP: TOTAL NO. OF ITERATIONS REACHED LIMIT

Increase the number of iterations to improve the convergence (max_iter=200).
You might also want to scale the data as shown in:
    https://scikit-learn.org/stable/modules/preprocessing.html
Please also refer to the documentation for alternative solver options:
    https://scikit-learn.org/stable/modules/linear_model.html#logistic-regression
  n_iter_i = _check_optimize_result(
/home/reuellee_gmail_com/.local/lib/python3.11/site-packages/sklearn/linear_model/_logistic.py:599: ConvergenceWarning: lbfgs failed to converge after 200 iteration(s) (status=1):
STOP: TOTAL NO. OF ITERATIONS REACHED LIMIT

Increase the number of iterations to improve the convergence (max_iter=200).
You might also want to scale the data as shown in:
    https://scikit-learn.org/stable/modules/preprocessing.html
Please also refer to the documentation for alternative solver options:
    https://scikit-learn.org/stable/modules/linear_model.html#logistic-regression
  n_iter_i = _check_optimize_result(
/home/reuellee_gmail_com/.local/lib/python3.11/site-packages/sklearn/linear_model/_logistic.py:599: ConvergenceWarning: lbfgs failed to converge after 200 iteration(s) (status=1):
STOP: TOTAL NO. OF ITERATIONS REACHED LIMIT

Increase the number of iterations to improve the convergence (max_iter=200).
You might also want to scale the data as shown in:
    https://scikit-learn.org/stable/modules/preprocessing.html
Please also refer to the documentation for alternative solver options:
    https://scikit-learn.org/stable/modules/linear_model.html#logistic-regression
  n_iter_i = _check_optimize_result(
/home/reuellee_gmail_com/.local/lib/python3.11/site-packages/sklearn/linear_model/_logistic.py:599: ConvergenceWarning: lbfgs failed to converge after 200 iteration(s) (status=1):
STOP: TOTAL NO. OF ITERATIONS REACHED LIMIT

Increase the number of iterations to improve the convergence (max_iter=200).
You might also want to scale the data as shown in:
    https://scikit-learn.org/stable/modules/preprocessing.html
Please also refer to the documentation for alternative solver options:
    https://scikit-learn.org/stable/modules/linear_model.html#logistic-regression
  n_iter_i = _check_optimize_result(
/home/reuellee_gmail_com/.local/lib/python3.11/site-packages/sklearn/linear_model/_logistic.py:599: ConvergenceWarning: lbfgs failed to converge after 200 iteration(s) (status=1):
STOP: TOTAL NO. OF ITERATIONS REACHED LIMIT

Increase the number of iterations to improve the convergence (max_iter=200).
You might also want to scale the data as shown in:
    https://scikit-learn.org/stable/modules/preprocessing.html
Please also refer to the documentation for alternative solver options:
    https://scikit-learn.org/stable/modules/linear_model.html#logistic-regression
  n_iter_i = _check_optimize_result(
  probe l: n=988
/home/reuellee_gmail_com/.local/lib/python3.11/site-packages/sklearn/linear_model/_logistic.py:599: ConvergenceWarning: lbfgs failed to converge after 200 iteration(s) (status=1):
STOP: TOTAL NO. OF ITERATIONS REACHED LIMIT

Increase the number of iterations to improve the convergence (max_iter=200).
You might also want to scale the data as shown in:
    https://scikit-learn.org/stable/modules/preprocessing.html
Please also refer to the documentation for alternative solver options:
    https://scikit-learn.org/stable/modules/linear_model.html#logistic-regression
  n_iter_i = _check_optimize_result(
/home/reuellee_gmail_com/.local/lib/python3.11/site-packages/sklearn/linear_model/_logistic.py:599: ConvergenceWarning: lbfgs failed to converge after 200 iteration(s) (status=1):
STOP: TOTAL NO. OF ITERATIONS REACHED LIMIT

Increase the number of iterations to improve the convergence (max_iter=200).
You might also want to scale the data as shown in:
    https://scikit-learn.org/stable/modules/preprocessing.html
Please also refer to the documentation for alternative solver options:
    https://scikit-learn.org/stable/modules/linear_model.html#logistic-regression
  n_iter_i = _check_optimize_result(
/home/reuellee_gmail_com/.local/lib/python3.11/site-packages/sklearn/linear_model/_logistic.py:599: ConvergenceWarning: lbfgs failed to converge after 200 iteration(s) (status=1):
STOP: TOTAL NO. OF ITERATIONS REACHED LIMIT

Increase the number of iterations to improve the convergence (max_iter=200).
You might also want to scale the data as shown in:
    https://scikit-learn.org/stable/modules/preprocessing.html
Please also refer to the documentation for alternative solver options:
    https://scikit-learn.org/stable/modules/linear_model.html#logistic-regression
  n_iter_i = _check_optimize_result(
/home/reuellee_gmail_com/.local/lib/python3.11/site-packages/sklearn/linear_model/_logistic.py:599: ConvergenceWarning: lbfgs failed to converge after 200 iteration(s) (status=1):
STOP: TOTAL NO. OF ITERATIONS REACHED LIMIT

Increase the number of iterations to improve the convergence (max_iter=200).
You might also want to scale the data as shown in:
    https://scikit-learn.org/stable/modules/preprocessing.html
Please also refer to the documentation for alternative solver options:
    https://scikit-learn.org/stable/modules/linear_model.html#logistic-regression
  n_iter_i = _check_optimize_result(
/home/reuellee_gmail_com/.local/lib/python3.11/site-packages/sklearn/linear_model/_logistic.py:599: ConvergenceWarning: lbfgs failed to converge after 200 iteration(s) (status=1):
STOP: TOTAL NO. OF ITERATIONS REACHED LIMIT

Increase the number of iterations to improve the convergence (max_iter=200).
You might also want to scale the data as shown in:
    https://scikit-learn.org/stable/modules/preprocessing.html
Please also refer to the documentation for alternative solver options:
    https://scikit-learn.org/stable/modules/linear_model.html#logistic-regression
  n_iter_i = _check_optimize_result(
/home/reuellee_gmail_com/.local/lib/python3.11/site-packages/sklearn/linear_model/_logistic.py:599: ConvergenceWarning: lbfgs failed to converge after 200 iteration(s) (status=1):
STOP: TOTAL NO. OF ITERATIONS REACHED LIMIT

Increase the number of iterations to improve the convergence (max_iter=200).
You might also want to scale the data as shown in:
    https://scikit-learn.org/stable/modules/preprocessing.html
Please also refer to the documentation for alternative solver options:
    https://scikit-learn.org/stable/modules/linear_model.html#logistic-regression
  n_iter_i = _check_optimize_result(
  probe m: n=1126
/home/reuellee_gmail_com/.local/lib/python3.11/site-packages/sklearn/linear_model/_logistic.py:599: ConvergenceWarning: lbfgs failed to converge after 200 iteration(s) (status=1):
STOP: TOTAL NO. OF ITERATIONS REACHED LIMIT

Increase the number of iterations to improve the convergence (max_iter=200).
You might also want to scale the data as shown in:
    https://scikit-learn.org/stable/modules/preprocessing.html
Please also refer to the documentation for alternative solver options:
    https://scikit-learn.org/stable/modules/linear_model.html#logistic-regression
  n_iter_i = _check_optimize_result(
/home/reuellee_gmail_com/.local/lib/python3.11/site-packages/sklearn/linear_model/_logistic.py:599: ConvergenceWarning: lbfgs failed to converge after 200 iteration(s) (status=1):
STOP: TOTAL NO. OF ITERATIONS REACHED LIMIT

Increase the number of iterations to improve the convergence (max_iter=200).
You might also want to scale the data as shown in:
    https://scikit-learn.org/stable/modules/preprocessing.html
Please also refer to the documentation for alternative solver options:
    https://scikit-learn.org/stable/modules/linear_model.html#logistic-regression
  n_iter_i = _check_optimize_result(
/home/reuellee_gmail_com/.local/lib/python3.11/site-packages/sklearn/linear_model/_logistic.py:599: ConvergenceWarning: lbfgs failed to converge after 200 iteration(s) (status=1):
STOP: TOTAL NO. OF ITERATIONS REACHED LIMIT

Increase the number of iterations to improve the convergence (max_iter=200).
You might also want to scale the data as shown in:
    https://scikit-learn.org/stable/modules/preprocessing.html
Please also refer to the documentation for alternative solver options:
    https://scikit-learn.org/stable/modules/linear_model.html#logistic-regression
  n_iter_i = _check_optimize_result(
/home/reuellee_gmail_com/.local/lib/python3.11/site-packages/sklearn/linear_model/_logistic.py:599: ConvergenceWarning: lbfgs failed to converge after 200 iteration(s) (status=1):
STOP: TOTAL NO. OF ITERATIONS REACHED LIMIT

Increase the number of iterations to improve the convergence (max_iter=200).
You might also want to scale the data as shown in:
    https://scikit-learn.org/stable/modules/preprocessing.html
Please also refer to the documentation for alternative solver options:
    https://scikit-learn.org/stable/modules/linear_model.html#logistic-regression
  n_iter_i = _check_optimize_result(
/home/reuellee_gmail_com/.local/lib/python3.11/site-packages/sklearn/linear_model/_logistic.py:599: ConvergenceWarning: lbfgs failed to converge after 200 iteration(s) (status=1):
STOP: TOTAL NO. OF ITERATIONS REACHED LIMIT

Increase the number of iterations to improve the convergence (max_iter=200).
You might also want to scale the data as shown in:
    https://scikit-learn.org/stable/modules/preprocessing.html
Please also refer to the documentation for alternative solver options:
    https://scikit-learn.org/stable/modules/linear_model.html#logistic-regression
  n_iter_i = _check_optimize_result(
/home/reuellee_gmail_com/.local/lib/python3.11/site-packages/sklearn/linear_model/_logistic.py:599: ConvergenceWarning: lbfgs failed to converge after 200 iteration(s) (status=1):
STOP: TOTAL NO. OF ITERATIONS REACHED LIMIT

Increase the number of iterations to improve the convergence (max_iter=200).
You might also want to scale the data as shown in:
    https://scikit-learn.org/stable/modules/preprocessing.html
Please also refer to the documentation for alternative solver options:
    https://scikit-learn.org/stable/modules/linear_model.html#logistic-regression
  n_iter_i = _check_optimize_result(
  probe n: n=959
/home/reuellee_gmail_com/.local/lib/python3.11/site-packages/sklearn/linear_model/_logistic.py:599: ConvergenceWarning: lbfgs failed to converge after 200 iteration(s) (status=1):
STOP: TOTAL NO. OF ITERATIONS REACHED LIMIT

Increase the number of iterations to improve the convergence (max_iter=200).
You might also want to scale the data as shown in:
    https://scikit-learn.org/stable/modules/preprocessing.html
Please also refer to the documentation for alternative solver options:
    https://scikit-learn.org/stable/modules/linear_model.html#logistic-regression
  n_iter_i = _check_optimize_result(
/home/reuellee_gmail_com/.local/lib/python3.11/site-packages/sklearn/linear_model/_logistic.py:599: ConvergenceWarning: lbfgs failed to converge after 200 iteration(s) (status=1):
STOP: TOTAL NO. OF ITERATIONS REACHED LIMIT

Increase the number of iterations to improve the convergence (max_iter=200).
You might also want to scale the data as shown in:
    https://scikit-learn.org/stable/modules/preprocessing.html
Please also refer to the documentation for alternative solver options:
    https://scikit-learn.org/stable/modules/linear_model.html#logistic-regression
  n_iter_i = _check_optimize_result(
/home/reuellee_gmail_com/.local/lib/python3.11/site-packages/sklearn/linear_model/_logistic.py:599: ConvergenceWarning: lbfgs failed to converge after 200 iteration(s) (status=1):
STOP: TOTAL NO. OF ITERATIONS REACHED LIMIT

Increase the number of iterations to improve the convergence (max_iter=200).
You might also want to scale the data as shown in:
    https://scikit-learn.org/stable/modules/preprocessing.html
Please also refer to the documentation for alternative solver options:
    https://scikit-learn.org/stable/modules/linear_model.html#logistic-regression
  n_iter_i = _check_optimize_result(
/home/reuellee_gmail_com/.local/lib/python3.11/site-packages/sklearn/linear_model/_logistic.py:599: ConvergenceWarning: lbfgs failed to converge after 200 iteration(s) (status=1):
STOP: TOTAL NO. OF ITERATIONS REACHED LIMIT

Increase the number of iterations to improve the convergence (max_iter=200).
You might also want to scale the data as shown in:
    https://scikit-learn.org/stable/modules/preprocessing.html
Please also refer to the documentation for alternative solver options:
    https://scikit-learn.org/stable/modules/linear_model.html#logistic-regression
  n_iter_i = _check_optimize_result(
/home/reuellee_gmail_com/.local/lib/python3.11/site-packages/sklearn/linear_model/_logistic.py:599: ConvergenceWarning: lbfgs failed to converge after 200 iteration(s) (status=1):
STOP: TOTAL NO. OF ITERATIONS REACHED LIMIT

Increase the number of iterations to improve the convergence (max_iter=200).
You might also want to scale the data as shown in:
    https://scikit-learn.org/stable/modules/preprocessing.html
Please also refer to the documentation for alternative solver options:
    https://scikit-learn.org/stable/modules/linear_model.html#logistic-regression
  n_iter_i = _check_optimize_result(
/home/reuellee_gmail_com/.local/lib/python3.11/site-packages/sklearn/linear_model/_logistic.py:599: ConvergenceWarning: lbfgs failed to converge after 200 iteration(s) (status=1):
STOP: TOTAL NO. OF ITERATIONS REACHED LIMIT

Increase the number of iterations to improve the convergence (max_iter=200).
You might also want to scale the data as shown in:
    https://scikit-learn.org/stable/modules/preprocessing.html
Please also refer to the documentation for alternative solver options:
    https://scikit-learn.org/stable/modules/linear_model.html#logistic-regression
  n_iter_i = _check_optimize_result(
  probe o: n=970
/home/reuellee_gmail_com/.local/lib/python3.11/site-packages/sklearn/linear_model/_logistic.py:599: ConvergenceWarning: lbfgs failed to converge after 200 iteration(s) (status=1):
STOP: TOTAL NO. OF ITERATIONS REACHED LIMIT

Increase the number of iterations to improve the convergence (max_iter=200).
You might also want to scale the data as shown in:
    https://scikit-learn.org/stable/modules/preprocessing.html
Please also refer to the documentation for alternative solver options:
    https://scikit-learn.org/stable/modules/linear_model.html#logistic-regression
  n_iter_i = _check_optimize_result(
/home/reuellee_gmail_com/.local/lib/python3.11/site-packages/sklearn/linear_model/_logistic.py:599: ConvergenceWarning: lbfgs failed to converge after 200 iteration(s) (status=1):
STOP: TOTAL NO. OF ITERATIONS REACHED LIMIT

Increase the number of iterations to improve the convergence (max_iter=200).
You might also want to scale the data as shown in:
    https://scikit-learn.org/stable/modules/preprocessing.html
Please also refer to the documentation for alternative solver options:
    https://scikit-learn.org/stable/modules/linear_model.html#logistic-regression
  n_iter_i = _check_optimize_result(
/home/reuellee_gmail_com/.local/lib/python3.11/site-packages/sklearn/linear_model/_logistic.py:599: ConvergenceWarning: lbfgs failed to converge after 200 iteration(s) (status=1):
STOP: TOTAL NO. OF ITERATIONS REACHED LIMIT

Increase the number of iterations to improve the convergence (max_iter=200).
You might also want to scale the data as shown in:
    https://scikit-learn.org/stable/modules/preprocessing.html
Please also refer to the documentation for alternative solver options:
    https://scikit-learn.org/stable/modules/linear_model.html#logistic-regression
  n_iter_i = _check_optimize_result(
/home/reuellee_gmail_com/.local/lib/python3.11/site-packages/sklearn/linear_model/_logistic.py:599: ConvergenceWarning: lbfgs failed to converge after 200 iteration(s) (status=1):
STOP: TOTAL NO. OF ITERATIONS REACHED LIMIT

Increase the number of iterations to improve the convergence (max_iter=200).
You might also want to scale the data as shown in:
    https://scikit-learn.org/stable/modules/preprocessing.html
Please also refer to the documentation for alternative solver options:
    https://scikit-learn.org/stable/modules/linear_model.html#logistic-regression
  n_iter_i = _check_optimize_result(
/home/reuellee_gmail_com/.local/lib/python3.11/site-packages/sklearn/linear_model/_logistic.py:599: ConvergenceWarning: lbfgs failed to converge after 200 iteration(s) (status=1):
STOP: TOTAL NO. OF ITERATIONS REACHED LIMIT

Increase the number of iterations to improve the convergence (max_iter=200).
You might also want to scale the data as shown in:
    https://scikit-learn.org/stable/modules/preprocessing.html
Please also refer to the documentation for alternative solver options:
    https://scikit-learn.org/stable/modules/linear_model.html#logistic-regression
  n_iter_i = _check_optimize_result(
/home/reuellee_gmail_com/.local/lib/python3.11/site-packages/sklearn/linear_model/_logistic.py:599: ConvergenceWarning: lbfgs failed to converge after 200 iteration(s) (status=1):
STOP: TOTAL NO. OF ITERATIONS REACHED LIMIT

Increase the number of iterations to improve the convergence (max_iter=200).
You might also want to scale the data as shown in:
    https://scikit-learn.org/stable/modules/preprocessing.html
Please also refer to the documentation for alternative solver options:
    https://scikit-learn.org/stable/modules/linear_model.html#logistic-regression
  n_iter_i = _check_optimize_result(
  probe p: n=1294
/home/reuellee_gmail_com/.local/lib/python3.11/site-packages/sklearn/linear_model/_logistic.py:599: ConvergenceWarning: lbfgs failed to converge after 200 iteration(s) (status=1):
STOP: TOTAL NO. OF ITERATIONS REACHED LIMIT

Increase the number of iterations to improve the convergence (max_iter=200).
You might also want to scale the data as shown in:
    https://scikit-learn.org/stable/modules/preprocessing.html
Please also refer to the documentation for alternative solver options:
    https://scikit-learn.org/stable/modules/linear_model.html#logistic-regression
  n_iter_i = _check_optimize_result(
/home/reuellee_gmail_com/.local/lib/python3.11/site-packages/sklearn/linear_model/_logistic.py:599: ConvergenceWarning: lbfgs failed to converge after 200 iteration(s) (status=1):
STOP: TOTAL NO. OF ITERATIONS REACHED LIMIT

Increase the number of iterations to improve the convergence (max_iter=200).
You might also want to scale the data as shown in:
    https://scikit-learn.org/stable/modules/preprocessing.html
Please also refer to the documentation for alternative solver options:
    https://scikit-learn.org/stable/modules/linear_model.html#logistic-regression
  n_iter_i = _check_optimize_result(
/home/reuellee_gmail_com/.local/lib/python3.11/site-packages/sklearn/linear_model/_logistic.py:599: ConvergenceWarning: lbfgs failed to converge after 200 iteration(s) (status=1):
STOP: TOTAL NO. OF ITERATIONS REACHED LIMIT

Increase the number of iterations to improve the convergence (max_iter=200).
You might also want to scale the data as shown in:
    https://scikit-learn.org/stable/modules/preprocessing.html
Please also refer to the documentation for alternative solver options:
    https://scikit-learn.org/stable/modules/linear_model.html#logistic-regression
  n_iter_i = _check_optimize_result(
/home/reuellee_gmail_com/.local/lib/python3.11/site-packages/sklearn/linear_model/_logistic.py:599: ConvergenceWarning: lbfgs failed to converge after 200 iteration(s) (status=1):
STOP: TOTAL NO. OF ITERATIONS REACHED LIMIT

Increase the number of iterations to improve the convergence (max_iter=200).
You might also want to scale the data as shown in:
    https://scikit-learn.org/stable/modules/preprocessing.html
Please also refer to the documentation for alternative solver options:
    https://scikit-learn.org/stable/modules/linear_model.html#logistic-regression
  n_iter_i = _check_optimize_result(
/home/reuellee_gmail_com/.local/lib/python3.11/site-packages/sklearn/linear_model/_logistic.py:599: ConvergenceWarning: lbfgs failed to converge after 200 iteration(s) (status=1):
STOP: TOTAL NO. OF ITERATIONS REACHED LIMIT

Increase the number of iterations to improve the convergence (max_iter=200).
You might also want to scale the data as shown in:
    https://scikit-learn.org/stable/modules/preprocessing.html
Please also refer to the documentation for alternative solver options:
    https://scikit-learn.org/stable/modules/linear_model.html#logistic-regression
  n_iter_i = _check_optimize_result(
/home/reuellee_gmail_com/.local/lib/python3.11/site-packages/sklearn/linear_model/_logistic.py:599: ConvergenceWarning: lbfgs failed to converge after 200 iteration(s) (status=1):
STOP: TOTAL NO. OF ITERATIONS REACHED LIMIT

Increase the number of iterations to improve the convergence (max_iter=200).
You might also want to scale the data as shown in:
    https://scikit-learn.org/stable/modules/preprocessing.html
Please also refer to the documentation for alternative solver options:
    https://scikit-learn.org/stable/modules/linear_model.html#logistic-regression
  n_iter_i = _check_optimize_result(
  probe q: n=282
/home/reuellee_gmail_com/.local/lib/python3.11/site-packages/sklearn/linear_model/_logistic.py:599: ConvergenceWarning: lbfgs failed to converge after 200 iteration(s) (status=1):
STOP: TOTAL NO. OF ITERATIONS REACHED LIMIT

Increase the number of iterations to improve the convergence (max_iter=200).
You might also want to scale the data as shown in:
    https://scikit-learn.org/stable/modules/preprocessing.html
Please also refer to the documentation for alternative solver options:
    https://scikit-learn.org/stable/modules/linear_model.html#logistic-regression
  n_iter_i = _check_optimize_result(
/home/reuellee_gmail_com/.local/lib/python3.11/site-packages/sklearn/linear_model/_logistic.py:599: ConvergenceWarning: lbfgs failed to converge after 200 iteration(s) (status=1):
STOP: TOTAL NO. OF ITERATIONS REACHED LIMIT

Increase the number of iterations to improve the convergence (max_iter=200).
You might also want to scale the data as shown in:
    https://scikit-learn.org/stable/modules/preprocessing.html
Please also refer to the documentation for alternative solver options:
    https://scikit-learn.org/stable/modules/linear_model.html#logistic-regression
  n_iter_i = _check_optimize_result(
/home/reuellee_gmail_com/.local/lib/python3.11/site-packages/sklearn/linear_model/_logistic.py:599: ConvergenceWarning: lbfgs failed to converge after 200 iteration(s) (status=1):
STOP: TOTAL NO. OF ITERATIONS REACHED LIMIT

Increase the number of iterations to improve the convergence (max_iter=200).
You might also want to scale the data as shown in:
    https://scikit-learn.org/stable/modules/preprocessing.html
Please also refer to the documentation for alternative solver options:
    https://scikit-learn.org/stable/modules/linear_model.html#logistic-regression
  n_iter_i = _check_optimize_result(
/home/reuellee_gmail_com/.local/lib/python3.11/site-packages/sklearn/linear_model/_logistic.py:599: ConvergenceWarning: lbfgs failed to converge after 200 iteration(s) (status=1):
STOP: TOTAL NO. OF ITERATIONS REACHED LIMIT

Increase the number of iterations to improve the convergence (max_iter=200).
You might also want to scale the data as shown in:
    https://scikit-learn.org/stable/modules/preprocessing.html
Please also refer to the documentation for alternative solver options:
    https://scikit-learn.org/stable/modules/linear_model.html#logistic-regression
  n_iter_i = _check_optimize_result(
/home/reuellee_gmail_com/.local/lib/python3.11/site-packages/sklearn/linear_model/_logistic.py:599: ConvergenceWarning: lbfgs failed to converge after 200 iteration(s) (status=1):
STOP: TOTAL NO. OF ITERATIONS REACHED LIMIT

Increase the number of iterations to improve the convergence (max_iter=200).
You might also want to scale the data as shown in:
    https://scikit-learn.org/stable/modules/preprocessing.html
Please also refer to the documentation for alternative solver options:
    https://scikit-learn.org/stable/modules/linear_model.html#logistic-regression
  n_iter_i = _check_optimize_result(
/home/reuellee_gmail_com/.local/lib/python3.11/site-packages/sklearn/linear_model/_logistic.py:599: ConvergenceWarning: lbfgs failed to converge after 200 iteration(s) (status=1):
STOP: TOTAL NO. OF ITERATIONS REACHED LIMIT

Increase the number of iterations to improve the convergence (max_iter=200).
You might also want to scale the data as shown in:
    https://scikit-learn.org/stable/modules/preprocessing.html
Please also refer to the documentation for alternative solver options:
    https://scikit-learn.org/stable/modules/linear_model.html#logistic-regression
  n_iter_i = _check_optimize_result(
  probe r: n=1119
/home/reuellee_gmail_com/.local/lib/python3.11/site-packages/sklearn/linear_model/_logistic.py:599: ConvergenceWarning: lbfgs failed to converge after 200 iteration(s) (status=1):
STOP: TOTAL NO. OF ITERATIONS REACHED LIMIT

Increase the number of iterations to improve the convergence (max_iter=200).
You might also want to scale the data as shown in:
    https://scikit-learn.org/stable/modules/preprocessing.html
Please also refer to the documentation for alternative solver options:
    https://scikit-learn.org/stable/modules/linear_model.html#logistic-regression
  n_iter_i = _check_optimize_result(
/home/reuellee_gmail_com/.local/lib/python3.11/site-packages/sklearn/linear_model/_logistic.py:599: ConvergenceWarning: lbfgs failed to converge after 200 iteration(s) (status=1):
STOP: TOTAL NO. OF ITERATIONS REACHED LIMIT

Increase the number of iterations to improve the convergence (max_iter=200).
You might also want to scale the data as shown in:
    https://scikit-learn.org/stable/modules/preprocessing.html
Please also refer to the documentation for alternative solver options:
    https://scikit-learn.org/stable/modules/linear_model.html#logistic-regression
  n_iter_i = _check_optimize_result(
/home/reuellee_gmail_com/.local/lib/python3.11/site-packages/sklearn/linear_model/_logistic.py:599: ConvergenceWarning: lbfgs failed to converge after 200 iteration(s) (status=1):
STOP: TOTAL NO. OF ITERATIONS REACHED LIMIT

Increase the number of iterations to improve the convergence (max_iter=200).
You might also want to scale the data as shown in:
    https://scikit-learn.org/stable/modules/preprocessing.html
Please also refer to the documentation for alternative solver options:
    https://scikit-learn.org/stable/modules/linear_model.html#logistic-regression
  n_iter_i = _check_optimize_result(
/home/reuellee_gmail_com/.local/lib/python3.11/site-packages/sklearn/linear_model/_logistic.py:599: ConvergenceWarning: lbfgs failed to converge after 200 iteration(s) (status=1):
STOP: TOTAL NO. OF ITERATIONS REACHED LIMIT

Increase the number of iterations to improve the convergence (max_iter=200).
You might also want to scale the data as shown in:
    https://scikit-learn.org/stable/modules/preprocessing.html
Please also refer to the documentation for alternative solver options:
    https://scikit-learn.org/stable/modules/linear_model.html#logistic-regression
  n_iter_i = _check_optimize_result(
/home/reuellee_gmail_com/.local/lib/python3.11/site-packages/sklearn/linear_model/_logistic.py:599: ConvergenceWarning: lbfgs failed to converge after 200 iteration(s) (status=1):
STOP: TOTAL NO. OF ITERATIONS REACHED LIMIT

Increase the number of iterations to improve the convergence (max_iter=200).
You might also want to scale the data as shown in:
    https://scikit-learn.org/stable/modules/preprocessing.html
Please also refer to the documentation for alternative solver options:
    https://scikit-learn.org/stable/modules/linear_model.html#logistic-regression
  n_iter_i = _check_optimize_result(
/home/reuellee_gmail_com/.local/lib/python3.11/site-packages/sklearn/linear_model/_logistic.py:599: ConvergenceWarning: lbfgs failed to converge after 200 iteration(s) (status=1):
STOP: TOTAL NO. OF ITERATIONS REACHED LIMIT

Increase the number of iterations to improve the convergence (max_iter=200).
You might also want to scale the data as shown in:
    https://scikit-learn.org/stable/modules/preprocessing.html
Please also refer to the documentation for alternative solver options:
    https://scikit-learn.org/stable/modules/linear_model.html#logistic-regression
  n_iter_i = _check_optimize_result(
  probe s: n=1364
/home/reuellee_gmail_com/.local/lib/python3.11/site-packages/sklearn/linear_model/_logistic.py:599: ConvergenceWarning: lbfgs failed to converge after 200 iteration(s) (status=1):
STOP: TOTAL NO. OF ITERATIONS REACHED LIMIT

Increase the number of iterations to improve the convergence (max_iter=200).
You might also want to scale the data as shown in:
    https://scikit-learn.org/stable/modules/preprocessing.html
Please also refer to the documentation for alternative solver options:
    https://scikit-learn.org/stable/modules/linear_model.html#logistic-regression
  n_iter_i = _check_optimize_result(
/home/reuellee_gmail_com/.local/lib/python3.11/site-packages/sklearn/linear_model/_logistic.py:599: ConvergenceWarning: lbfgs failed to converge after 200 iteration(s) (status=1):
STOP: TOTAL NO. OF ITERATIONS REACHED LIMIT

Increase the number of iterations to improve the convergence (max_iter=200).
You might also want to scale the data as shown in:
    https://scikit-learn.org/stable/modules/preprocessing.html
Please also refer to the documentation for alternative solver options:
    https://scikit-learn.org/stable/modules/linear_model.html#logistic-regression
  n_iter_i = _check_optimize_result(
/home/reuellee_gmail_com/.local/lib/python3.11/site-packages/sklearn/linear_model/_logistic.py:599: ConvergenceWarning: lbfgs failed to converge after 200 iteration(s) (status=1):
STOP: TOTAL NO. OF ITERATIONS REACHED LIMIT

Increase the number of iterations to improve the convergence (max_iter=200).
You might also want to scale the data as shown in:
    https://scikit-learn.org/stable/modules/preprocessing.html
Please also refer to the documentation for alternative solver options:
    https://scikit-learn.org/stable/modules/linear_model.html#logistic-regression
  n_iter_i = _check_optimize_result(
/home/reuellee_gmail_com/.local/lib/python3.11/site-packages/sklearn/linear_model/_logistic.py:599: ConvergenceWarning: lbfgs failed to converge after 200 iteration(s) (status=1):
STOP: TOTAL NO. OF ITERATIONS REACHED LIMIT

Increase the number of iterations to improve the convergence (max_iter=200).
You might also want to scale the data as shown in:
    https://scikit-learn.org/stable/modules/preprocessing.html
Please also refer to the documentation for alternative solver options:
    https://scikit-learn.org/stable/modules/linear_model.html#logistic-regression
  n_iter_i = _check_optimize_result(
/home/reuellee_gmail_com/.local/lib/python3.11/site-packages/sklearn/linear_model/_logistic.py:599: ConvergenceWarning: lbfgs failed to converge after 200 iteration(s) (status=1):
STOP: TOTAL NO. OF ITERATIONS REACHED LIMIT

Increase the number of iterations to improve the convergence (max_iter=200).
You might also want to scale the data as shown in:
    https://scikit-learn.org/stable/modules/preprocessing.html
Please also refer to the documentation for alternative solver options:
    https://scikit-learn.org/stable/modules/linear_model.html#logistic-regression
  n_iter_i = _check_optimize_result(
/home/reuellee_gmail_com/.local/lib/python3.11/site-packages/sklearn/linear_model/_logistic.py:599: ConvergenceWarning: lbfgs failed to converge after 200 iteration(s) (status=1):
STOP: TOTAL NO. OF ITERATIONS REACHED LIMIT

Increase the number of iterations to improve the convergence (max_iter=200).
You might also want to scale the data as shown in:
    https://scikit-learn.org/stable/modules/preprocessing.html
Please also refer to the documentation for alternative solver options:
    https://scikit-learn.org/stable/modules/linear_model.html#logistic-regression
  n_iter_i = _check_optimize_result(
  probe t: n=1112
/home/reuellee_gmail_com/.local/lib/python3.11/site-packages/sklearn/linear_model/_logistic.py:599: ConvergenceWarning: lbfgs failed to converge after 200 iteration(s) (status=1):
STOP: TOTAL NO. OF ITERATIONS REACHED LIMIT

Increase the number of iterations to improve the convergence (max_iter=200).
You might also want to scale the data as shown in:
    https://scikit-learn.org/stable/modules/preprocessing.html
Please also refer to the documentation for alternative solver options:
    https://scikit-learn.org/stable/modules/linear_model.html#logistic-regression
  n_iter_i = _check_optimize_result(
/home/reuellee_gmail_com/.local/lib/python3.11/site-packages/sklearn/linear_model/_logistic.py:599: ConvergenceWarning: lbfgs failed to converge after 200 iteration(s) (status=1):
STOP: TOTAL NO. OF ITERATIONS REACHED LIMIT

Increase the number of iterations to improve the convergence (max_iter=200).
You might also want to scale the data as shown in:
    https://scikit-learn.org/stable/modules/preprocessing.html
Please also refer to the documentation for alternative solver options:
    https://scikit-learn.org/stable/modules/linear_model.html#logistic-regression
  n_iter_i = _check_optimize_result(
/home/reuellee_gmail_com/.local/lib/python3.11/site-packages/sklearn/linear_model/_logistic.py:599: ConvergenceWarning: lbfgs failed to converge after 200 iteration(s) (status=1):
STOP: TOTAL NO. OF ITERATIONS REACHED LIMIT

Increase the number of iterations to improve the convergence (max_iter=200).
You might also want to scale the data as shown in:
    https://scikit-learn.org/stable/modules/preprocessing.html
Please also refer to the documentation for alternative solver options:
    https://scikit-learn.org/stable/modules/linear_model.html#logistic-regression
  n_iter_i = _check_optimize_result(
/home/reuellee_gmail_com/.local/lib/python3.11/site-packages/sklearn/linear_model/_logistic.py:599: ConvergenceWarning: lbfgs failed to converge after 200 iteration(s) (status=1):
STOP: TOTAL NO. OF ITERATIONS REACHED LIMIT

Increase the number of iterations to improve the convergence (max_iter=200).
You might also want to scale the data as shown in:
    https://scikit-learn.org/stable/modules/preprocessing.html
Please also refer to the documentation for alternative solver options:
    https://scikit-learn.org/stable/modules/linear_model.html#logistic-regression
  n_iter_i = _check_optimize_result(
/home/reuellee_gmail_com/.local/lib/python3.11/site-packages/sklearn/linear_model/_logistic.py:599: ConvergenceWarning: lbfgs failed to converge after 200 iteration(s) (status=1):
STOP: TOTAL NO. OF ITERATIONS REACHED LIMIT

Increase the number of iterations to improve the convergence (max_iter=200).
You might also want to scale the data as shown in:
    https://scikit-learn.org/stable/modules/preprocessing.html
Please also refer to the documentation for alternative solver options:
    https://scikit-learn.org/stable/modules/linear_model.html#logistic-regression
  n_iter_i = _check_optimize_result(
/home/reuellee_gmail_com/.local/lib/python3.11/site-packages/sklearn/linear_model/_logistic.py:599: ConvergenceWarning: lbfgs failed to converge after 200 iteration(s) (status=1):
STOP: TOTAL NO. OF ITERATIONS REACHED LIMIT

Increase the number of iterations to improve the convergence (max_iter=200).
You might also want to scale the data as shown in:
    https://scikit-learn.org/stable/modules/preprocessing.html
Please also refer to the documentation for alternative solver options:
    https://scikit-learn.org/stable/modules/linear_model.html#logistic-regression
  n_iter_i = _check_optimize_result(
  probe u: n=931
/home/reuellee_gmail_com/.local/lib/python3.11/site-packages/sklearn/linear_model/_logistic.py:599: ConvergenceWarning: lbfgs failed to converge after 200 iteration(s) (status=1):
STOP: TOTAL NO. OF ITERATIONS REACHED LIMIT

Increase the number of iterations to improve the convergence (max_iter=200).
You might also want to scale the data as shown in:
    https://scikit-learn.org/stable/modules/preprocessing.html
Please also refer to the documentation for alternative solver options:
    https://scikit-learn.org/stable/modules/linear_model.html#logistic-regression
  n_iter_i = _check_optimize_result(
/home/reuellee_gmail_com/.local/lib/python3.11/site-packages/sklearn/linear_model/_logistic.py:599: ConvergenceWarning: lbfgs failed to converge after 200 iteration(s) (status=1):
STOP: TOTAL NO. OF ITERATIONS REACHED LIMIT

Increase the number of iterations to improve the convergence (max_iter=200).
You might also want to scale the data as shown in:
    https://scikit-learn.org/stable/modules/preprocessing.html
Please also refer to the documentation for alternative solver options:
    https://scikit-learn.org/stable/modules/linear_model.html#logistic-regression
  n_iter_i = _check_optimize_result(
/home/reuellee_gmail_com/.local/lib/python3.11/site-packages/sklearn/linear_model/_logistic.py:599: ConvergenceWarning: lbfgs failed to converge after 200 iteration(s) (status=1):
STOP: TOTAL NO. OF ITERATIONS REACHED LIMIT

Increase the number of iterations to improve the convergence (max_iter=200).
You might also want to scale the data as shown in:
    https://scikit-learn.org/stable/modules/preprocessing.html
Please also refer to the documentation for alternative solver options:
    https://scikit-learn.org/stable/modules/linear_model.html#logistic-regression
  n_iter_i = _check_optimize_result(
/home/reuellee_gmail_com/.local/lib/python3.11/site-packages/sklearn/linear_model/_logistic.py:599: ConvergenceWarning: lbfgs failed to converge after 200 iteration(s) (status=1):
STOP: TOTAL NO. OF ITERATIONS REACHED LIMIT

Increase the number of iterations to improve the convergence (max_iter=200).
You might also want to scale the data as shown in:
    https://scikit-learn.org/stable/modules/preprocessing.html
Please also refer to the documentation for alternative solver options:
    https://scikit-learn.org/stable/modules/linear_model.html#logistic-regression
  n_iter_i = _check_optimize_result(
/home/reuellee_gmail_com/.local/lib/python3.11/site-packages/sklearn/linear_model/_logistic.py:599: ConvergenceWarning: lbfgs failed to converge after 200 iteration(s) (status=1):
STOP: TOTAL NO. OF ITERATIONS REACHED LIMIT

Increase the number of iterations to improve the convergence (max_iter=200).
You might also want to scale the data as shown in:
    https://scikit-learn.org/stable/modules/preprocessing.html
Please also refer to the documentation for alternative solver options:
    https://scikit-learn.org/stable/modules/linear_model.html#logistic-regression
  n_iter_i = _check_optimize_result(
/home/reuellee_gmail_com/.local/lib/python3.11/site-packages/sklearn/linear_model/_logistic.py:599: ConvergenceWarning: lbfgs failed to converge after 200 iteration(s) (status=1):
STOP: TOTAL NO. OF ITERATIONS REACHED LIMIT

Increase the number of iterations to improve the convergence (max_iter=200).
You might also want to scale the data as shown in:
    https://scikit-learn.org/stable/modules/preprocessing.html
Please also refer to the documentation for alternative solver options:
    https://scikit-learn.org/stable/modules/linear_model.html#logistic-regression
  n_iter_i = _check_optimize_result(
  probe v: n=965
/home/reuellee_gmail_com/.local/lib/python3.11/site-packages/sklearn/linear_model/_logistic.py:599: ConvergenceWarning: lbfgs failed to converge after 200 iteration(s) (status=1):
STOP: TOTAL NO. OF ITERATIONS REACHED LIMIT

Increase the number of iterations to improve the convergence (max_iter=200).
You might also want to scale the data as shown in:
    https://scikit-learn.org/stable/modules/preprocessing.html
Please also refer to the documentation for alternative solver options:
    https://scikit-learn.org/stable/modules/linear_model.html#logistic-regression
  n_iter_i = _check_optimize_result(
/home/reuellee_gmail_com/.local/lib/python3.11/site-packages/sklearn/linear_model/_logistic.py:599: ConvergenceWarning: lbfgs failed to converge after 200 iteration(s) (status=1):
STOP: TOTAL NO. OF ITERATIONS REACHED LIMIT

Increase the number of iterations to improve the convergence (max_iter=200).
You might also want to scale the data as shown in:
    https://scikit-learn.org/stable/modules/preprocessing.html
Please also refer to the documentation for alternative solver options:
    https://scikit-learn.org/stable/modules/linear_model.html#logistic-regression
  n_iter_i = _check_optimize_result(
/home/reuellee_gmail_com/.local/lib/python3.11/site-packages/sklearn/linear_model/_logistic.py:599: ConvergenceWarning: lbfgs failed to converge after 200 iteration(s) (status=1):
STOP: TOTAL NO. OF ITERATIONS REACHED LIMIT

Increase the number of iterations to improve the convergence (max_iter=200).
You might also want to scale the data as shown in:
    https://scikit-learn.org/stable/modules/preprocessing.html
Please also refer to the documentation for alternative solver options:
    https://scikit-learn.org/stable/modules/linear_model.html#logistic-regression
  n_iter_i = _check_optimize_result(
/home/reuellee_gmail_com/.local/lib/python3.11/site-packages/sklearn/linear_model/_logistic.py:599: ConvergenceWarning: lbfgs failed to converge after 200 iteration(s) (status=1):
STOP: TOTAL NO. OF ITERATIONS REACHED LIMIT

Increase the number of iterations to improve the convergence (max_iter=200).
You might also want to scale the data as shown in:
    https://scikit-learn.org/stable/modules/preprocessing.html
Please also refer to the documentation for alternative solver options:
    https://scikit-learn.org/stable/modules/linear_model.html#logistic-regression
  n_iter_i = _check_optimize_result(
/home/reuellee_gmail_com/.local/lib/python3.11/site-packages/sklearn/linear_model/_logistic.py:599: ConvergenceWarning: lbfgs failed to converge after 200 iteration(s) (status=1):
STOP: TOTAL NO. OF ITERATIONS REACHED LIMIT

Increase the number of iterations to improve the convergence (max_iter=200).
You might also want to scale the data as shown in:
    https://scikit-learn.org/stable/modules/preprocessing.html
Please also refer to the documentation for alternative solver options:
    https://scikit-learn.org/stable/modules/linear_model.html#logistic-regression
  n_iter_i = _check_optimize_result(
/home/reuellee_gmail_com/.local/lib/python3.11/site-packages/sklearn/linear_model/_logistic.py:599: ConvergenceWarning: lbfgs failed to converge after 200 iteration(s) (status=1):
STOP: TOTAL NO. OF ITERATIONS REACHED LIMIT

Increase the number of iterations to improve the convergence (max_iter=200).
You might also want to scale the data as shown in:
    https://scikit-learn.org/stable/modules/preprocessing.html
Please also refer to the documentation for alternative solver options:
    https://scikit-learn.org/stable/modules/linear_model.html#logistic-regression
  n_iter_i = _check_optimize_result(
  probe w: n=929
  probe x: n=44
/home/reuellee_gmail_com/.local/lib/python3.11/site-packages/sklearn/linear_model/_logistic.py:599: ConvergenceWarning: lbfgs failed to converge after 200 iteration(s) (status=1):
STOP: TOTAL NO. OF ITERATIONS REACHED LIMIT

Increase the number of iterations to improve the convergence (max_iter=200).
You might also want to scale the data as shown in:
    https://scikit-learn.org/stable/modules/preprocessing.html
Please also refer to the documentation for alternative solver options:
    https://scikit-learn.org/stable/modules/linear_model.html#logistic-regression
  n_iter_i = _check_optimize_result(
/home/reuellee_gmail_com/.local/lib/python3.11/site-packages/sklearn/linear_model/_logistic.py:599: ConvergenceWarning: lbfgs failed to converge after 200 iteration(s) (status=1):
STOP: TOTAL NO. OF ITERATIONS REACHED LIMIT

Increase the number of iterations to improve the convergence (max_iter=200).
You might also want to scale the data as shown in:
    https://scikit-learn.org/stable/modules/preprocessing.html
Please also refer to the documentation for alternative solver options:
    https://scikit-learn.org/stable/modules/linear_model.html#logistic-regression
  n_iter_i = _check_optimize_result(
/home/reuellee_gmail_com/.local/lib/python3.11/site-packages/sklearn/linear_model/_logistic.py:599: ConvergenceWarning: lbfgs failed to converge after 200 iteration(s) (status=1):
STOP: TOTAL NO. OF ITERATIONS REACHED LIMIT

Increase the number of iterations to improve the convergence (max_iter=200).
You might also want to scale the data as shown in:
    https://scikit-learn.org/stable/modules/preprocessing.html
Please also refer to the documentation for alternative solver options:
    https://scikit-learn.org/stable/modules/linear_model.html#logistic-regression
  n_iter_i = _check_optimize_result(
  probe y: n=162
/home/reuellee_gmail_com/.local/lib/python3.11/site-packages/sklearn/linear_model/_logistic.py:599: ConvergenceWarning: lbfgs failed to converge after 200 iteration(s) (status=1):
STOP: TOTAL NO. OF ITERATIONS REACHED LIMIT

Increase the number of iterations to improve the convergence (max_iter=200).
You might also want to scale the data as shown in:
    https://scikit-learn.org/stable/modules/preprocessing.html
Please also refer to the documentation for alternative solver options:
    https://scikit-learn.org/stable/modules/linear_model.html#logistic-regression
  n_iter_i = _check_optimize_result(
/home/reuellee_gmail_com/.local/lib/python3.11/site-packages/sklearn/linear_model/_logistic.py:599: ConvergenceWarning: lbfgs failed to converge after 200 iteration(s) (status=1):
STOP: TOTAL NO. OF ITERATIONS REACHED LIMIT

Increase the number of iterations to improve the convergence (max_iter=200).
You might also want to scale the data as shown in:
    https://scikit-learn.org/stable/modules/preprocessing.html
Please also refer to the documentation for alternative solver options:
    https://scikit-learn.org/stable/modules/linear_model.html#logistic-regression
  n_iter_i = _check_optimize_result(
/home/reuellee_gmail_com/.local/lib/python3.11/site-packages/sklearn/linear_model/_logistic.py:599: ConvergenceWarning: lbfgs failed to converge after 200 iteration(s) (status=1):
STOP: TOTAL NO. OF ITERATIONS REACHED LIMIT

Increase the number of iterations to improve the convergence (max_iter=200).
You might also want to scale the data as shown in:
    https://scikit-learn.org/stable/modules/preprocessing.html
Please also refer to the documentation for alternative solver options:
    https://scikit-learn.org/stable/modules/linear_model.html#logistic-regression
  n_iter_i = _check_optimize_result(
/home/reuellee_gmail_com/.local/lib/python3.11/site-packages/sklearn/linear_model/_logistic.py:599: ConvergenceWarning: lbfgs failed to converge after 200 iteration(s) (status=1):
STOP: TOTAL NO. OF ITERATIONS REACHED LIMIT

Increase the number of iterations to improve the convergence (max_iter=200).
You might also want to scale the data as shown in:
    https://scikit-learn.org/stable/modules/preprocessing.html
Please also refer to the documentation for alternative solver options:
    https://scikit-learn.org/stable/modules/linear_model.html#logistic-regression
  n_iter_i = _check_optimize_result(
/home/reuellee_gmail_com/.local/lib/python3.11/site-packages/sklearn/linear_model/_logistic.py:599: ConvergenceWarning: lbfgs failed to converge after 200 iteration(s) (status=1):
STOP: TOTAL NO. OF ITERATIONS REACHED LIMIT

Increase the number of iterations to improve the convergence (max_iter=200).
You might also want to scale the data as shown in:
    https://scikit-learn.org/stable/modules/preprocessing.html
Please also refer to the documentation for alternative solver options:
    https://scikit-learn.org/stable/modules/linear_model.html#logistic-regression
  n_iter_i = _check_optimize_result(
/home/reuellee_gmail_com/.local/lib/python3.11/site-packages/sklearn/linear_model/_logistic.py:599: ConvergenceWarning: lbfgs failed to converge after 200 iteration(s) (status=1):
STOP: TOTAL NO. OF ITERATIONS REACHED LIMIT

Increase the number of iterations to improve the convergence (max_iter=200).
You might also want to scale the data as shown in:
    https://scikit-learn.org/stable/modules/preprocessing.html
Please also refer to the documentation for alternative solver options:
    https://scikit-learn.org/stable/modules/linear_model.html#logistic-regression
  n_iter_i = _check_optimize_result(
  probe z: n=311
scoring /home/reuellee_gmail_com/r15/sae/layer_7_width_16k_l0_medium/ (layer 7 activations)
  encoder variant=raw (batch L0 raw=47.0 centered=300.0 cfg=54)
  layer_7_width_16k_l0_medium: single=0.1248 family=0.1112 L0=65.3/cfg54 fvu=0.373
wrote /home/reuellee_gmail_com/r15/results/round15_rows.json (8 SAEs)
Warning: You are sending unauthenticated requests to the HF Hub. Please set a HF_TOKEN to enable higher rate limits and faster downloads.
[transformers] `torch_dtype` is deprecated! Use `dtype` instead!
[transformers] The following generation flags are not valid and may be ignored: ['output_hidden_states']. Set `TRANSFORMERS_VERBOSITY=info` for more details.
Loading weights:   0%|          | 0/340 [00:00<?, ?it/s]Loading weights:   0%|          | 1/340 [00:02<12:09,  2.15s/it]Loading weights: 100%|██████████| 340/340 [00:02<00:00, 157.05it/s]
layer_13_width_16k_l0_medium {'l0_indist': 66.42, 'fvu_indist': 0.0419}
layer_13_width_65k_l0_medium {'l0_indist': 67.01, 'fvu_indist': 0.0392}
layer_13_width_262k_l0_medium {'l0_indist': 67.3, 'fvu_indist': 0.0367}
wrote /home/reuellee_gmail_com/r15/results/indist.json
gates: {"g0_frozen_config": true, "g0_cells_present": true, "conform_16384": true, "fvu_indist_16384": 0.0419, "conform_65536": true, "fvu_indist_65536": 0.0392, "conform_262144": true, "fvu_indist_262144": 0.0367, "letters_per_cell": {"16384": 24, "65536": 22, "262144": 24}, "inter_16k_262k": 23, "g3_probed_letters": 26, "g1_conformance": true, "g2_cells": true, "g2_intersection": true, "g3_words": true}
cell w=16384: L0=73.91/cfg60 fvu=0.4574 rate_single=0.1186 rate_family=0.0963 clean_letters=24
cell w=65536: L0=71.74/cfg60 fvu=0.4047 rate_single=0.1798 rate_family=0.1571 clean_letters=22
cell w=262144: L0=77.2/cfg60 fvu=0.4515 rate_single=0.2031 rate_family=0.192 clean_letters=24
P1 (PRIMARY) rate_family 262k-16k: CONFIRMED (mean=+0.0745, CI [+0.0351,+0.1188], n_letters=23, positive 17/23)
P2 (KEY SECONDARY) fam_size_uncapped 262k-16k: NOT CONFIRMED (mean=+0.0000, CI [-0.3478,+0.3913], n_letters=23, positive 4/23)
   fam cap hits across width-series cells: 0
/home/reuellee_gmail_com/r15/analyze_round15.py:46: ConstantInputWarning: An input array is constant; the correlation coefficient is not defined.
  res = spearmanr(xs, ys)
D: per-letter Spearman(rate_family, width) mean=+0.467 over 21 letters (descriptive)
P3 (secondary) relative inflation (bar 0.10): NOT CONFIRMED (mean=+0.351, CI [+0.068,+0.829], n_letters=18, dropped_below_floor=3; 13a found 0.23-0.33)
   inflation w=16384: single=0.1186 family=0.0963 relative=+23.2%
   inflation w=65536: single=0.1798 family=0.1571 relative=+14.4%
   inflation w=262144: single=0.2031 family=0.192 relative=+5.8%
D4 (sensitivity) P1 with 16k-fixed eligibility (waived tau at 262k): mean=+0.0802, CI [+0.0416,+0.1234], n_letters=24, letters_losing_clean_at_262k=1
D1 (descriptive) L0 series @65k layer13:
   l0_small: cfgL0=20 measured=25.47 rate_family=0.1941 rate_single=0.1966 mean_fam_size=1.56
   l0_medium: cfgL0=60 measured=71.74 rate_family=0.1571 rate_single=0.1798 mean_fam_size=1.91
   l0_big: cfgL0=150 measured=164.97 rate_family=0.0945 rate_single=0.1181 mean_fam_size=2.50
D2 (descriptive) layer series @16k medium:
   layer_7: rate_family=0.1112 clean_letters=25 fvu=0.3729
   layer_13: rate_family=0.0963 clean_letters=24 fvu=0.4574
   layer_17: rate_family=0.0406 clean_letters=25 fvu=0.2912
   layer_22: rate_family=0.0613 clean_letters=7 fvu=0.3504
D3 (descriptive) theta grid (family rate):
   layer_13_width_16k_l0_medium: {"0": 0.0963, "0.01": 0.0963, "0.05": 0.0963, "0.1": 0.0963}
   layer_13_width_65k_l0_big: {"0": 0.0945, "0.01": 0.0945, "0.05": 0.0945, "0.1": 0.0945}
   layer_13_width_65k_l0_medium: {"0": 0.1571, "0.01": 0.1571, "0.05": 0.1571, "0.1": 0.1571}
   layer_13_width_65k_l0_small: {"0": 0.1941, "0.01": 0.1941, "0.05": 0.1941, "0.1": 0.1941}
   layer_17_width_16k_l0_medium: {"0": 0.0406, "0.01": 0.0406, "0.05": 0.0406, "0.1": 0.0406}
   layer_22_width_16k_l0_medium: {"0": 0.0613, "0.01": 0.0613, "0.05": 0.0613, "0.1": 0.0613}
   layer_7_width_16k_l0_medium: {"0": 0.1112, "0.01": 0.1112, "0.05": 0.1112, "0.1": 0.1112}

wrote /home/reuellee_gmail_com/r15/results/results_round15.txt
DONE_ROUND15
